"X","gene","timepoint"
1,"HORVU.MOREX.r2.1HG0003400","16H"
2,"HORVU.MOREX.r2.1HG0002460","16H"
3,"HORVU.MOREX.r2.1HG0003010","16H"
4,"HORVU.MOREX.r2.1HG0003340","16H"
5,"HORVU.MOREX.r2.1HG0002750","16H"
6,"HORVU.MOREX.r2.1HG0003070","16H"
7,"HORVU.MOREX.r2.3HG0223850","32H"
8,"HORVU.MOREX.r2.1HG0003400","32H"
9,"HORVU.MOREX.r2.4HG0304230","32H"
10,"HORVU.MOREX.r2.4HG0329890","32H"
11,"HORVU.MOREX.r2.7HG0529010","32H"
12,"HORVU.MOREX.r2.6HG0458320","32H"
13,"HORVU.MOREX.r2.2HG0079750","32H"
14,"HORVU.MOREX.r2.3HG0214090","32H"
15,"HORVU.MOREX.r2.3HG0235570","32H"
16,"HORVU.MOREX.r2.3HG0252570","32H"
17,"HORVU.MOREX.r2.7HG0535730","32H"
18,"HORVU.MOREX.r2.4HG0308370","32H"
19,"HORVU.MOREX.r2.1HG0061820","32H"
20,"HORVU.MOREX.r2.3HG0230130","32H"
21,"HORVU.MOREX.r2.2HG0146410","32H"
22,"HORVU.MOREX.r2.4HG0284300","32H"
23,"HORVU.MOREX.r2.2HG0089930","32H"
24,"HORVU.MOREX.r2.5HG0388020","32H"
25,"HORVU.MOREX.r2.5HG0363200","32H"
26,"HORVU.MOREX.r2.3HG0187670","32H"
27,"HORVU.MOREX.r2.3HG0262300","32H"
28,"HORVU.MOREX.r2.6HG0496320","32H"
29,"HORVU.MOREX.r2.1HG0063960","32H"
30,"HORVU.MOREX.r2.5HG0410860","32H"
31,"HORVU.MOREX.r2.6HG0500300","32H"
32,"HORVU.MOREX.r2.2HG0153930","32H"
33,"HORVU.MOREX.r2.5HG0389190","32H"
34,"HORVU.MOREX.r2.2HG0126620","32H"
35,"HORVU.MOREX.r2.2HG0170970","32H"
36,"HORVU.MOREX.r2.4HG0332820","32H"
37,"HORVU.MOREX.r2.2HG0140590","32H"
38,"HORVU.MOREX.r2.4HG0298180","32H"
39,"HORVU.MOREX.r2.1HG0077500","32H"
40,"HORVU.MOREX.r2.5HG0404360","32H"
41,"HORVU.MOREX.r2.5HG0370880","32H"
42,"HORVU.MOREX.r2.4HG0283210","32H"
43,"HORVU.MOREX.r2.6HG0524760","32H"
44,"HORVU.MOREX.r2.5HG0423840","32H"
45,"HORVU.MOREX.r2.4HG0340100","32H"
46,"HORVU.MOREX.r2.6HG0511490","32H"
47,"HORVU.MOREX.r2.4HG0320470","32H"
48,"HORVU.MOREX.r2.3HG0226360","32H"
49,"HORVU.MOREX.r2.1HG0043780","32H"
50,"HORVU.MOREX.r2.4HG0343390","32H"
51,"HORVU.MOREX.r2.7HG0528950","32H"
52,"HORVU.MOREX.r2.2HG0103990","32H"
53,"HORVU.MOREX.r2.7HG0548900","32H"
54,"HORVU.MOREX.r2.4HG0282510","32H"
55,"HORVU.MOREX.r2.4HG0287090","32H"
56,"HORVU.MOREX.r2.2HG0103500","32H"
57,"HORVU.MOREX.r2.7HG0615910","32H"
58,"HORVU.MOREX.r2.2HG0088830","32H"
59,"HORVU.MOREX.r2.5HG0398680","32H"
60,"HORVU.MOREX.r2.3HG0262310","32H"
61,"HORVU.MOREX.r2.7HG0607180","32H"
62,"HORVU.MOREX.r2.5HG0422770","32H"
63,"HORVU.MOREX.r2.4HG0328110","32H"
64,"HORVU.MOREX.r2.5HG0410870","32H"
65,"HORVU.MOREX.r2.1HG0022270","32H"
66,"HORVU.MOREX.r2.5HG0398310","32H"
67,"HORVU.MOREX.r2.6HG0520840","32H"
68,"HORVU.MOREX.r2.5HG0429820","32H"
69,"HORVU.MOREX.r2.5HG0422450","32H"
70,"HORVU.MOREX.r2.1HG0036710","32H"
71,"HORVU.MOREX.r2.1HG0044810","32H"
72,"HORVU.MOREX.r2.5HG0359720","32H"
73,"HORVU.MOREX.r2.2HG0140830","32H"
74,"HORVU.MOREX.r2.1HG0034150","32H"
75,"HORVU.MOREX.r2.3HG0260790","32H"
76,"HORVU.MOREX.r2.4HG0339770","32H"
77,"HORVU.MOREX.r2.6HG0475350","32H"
78,"HORVU.MOREX.r2.5HG0413440","32H"
79,"HORVU.MOREX.r2.7HG0562980","32H"
80,"HORVU.MOREX.r2.1HG0056000","32H"
81,"HORVU.MOREX.r2.7HG0552790","32H"
82,"HORVU.MOREX.r2.4HG0319300","32H"
83,"HORVU.MOREX.r2.3HG0182020","32H"
84,"HORVU.MOREX.r2.5HG0400500","32H"
85,"HORVU.MOREX.r2.2HG0103910","32H"
86,"HORVU.MOREX.r2.5HG0415850","32H"
87,"HORVU.MOREX.r2.5HG0440940","32H"
88,"HORVU.MOREX.r2.6HG0514900","32H"
89,"HORVU.MOREX.r2.5HG0383360","32H"
90,"HORVU.MOREX.r2.6HG0501040","32H"
91,"HORVU.MOREX.r2.1HG0037450","32H"
92,"HORVU.MOREX.r2.7HG0610280","32H"
93,"HORVU.MOREX.r2.6HG0503660","32H"
94,"HORVU.MOREX.r2.7HG0581320","32H"
95,"HORVU.MOREX.r2.1HG0045620","32H"
96,"HORVU.MOREX.r2.4HG0333690","32H"
97,"HORVU.MOREX.r2.3HG0192770","32H"
98,"HORVU.MOREX.r2.3HG0254920","32H"
99,"HORVU.MOREX.r2.6HG0495590","32H"
100,"HORVU.MOREX.r2.6HG0472880","32H"
101,"HORVU.MOREX.r2.7HG0564520","32H"
102,"HORVU.MOREX.r2.1HG0018950","32H"
103,"HORVU.MOREX.r2.2HG0133090","32H"
104,"HORVU.MOREX.r2.4HG0278020","32H"
105,"HORVU.MOREX.r2.7HG0619900","32H"
106,"HORVU.MOREX.r2.1HG0068430","32H"
107,"HORVU.MOREX.r2.3HG0220790","32H"
108,"HORVU.MOREX.r2.5HG0433970","32H"
109,"HORVU.MOREX.r2.2HG0115680","32H"
110,"HORVU.MOREX.r2.1HG0016320","32H"
111,"HORVU.MOREX.r2.3HG0229390","32H"
112,"HORVU.MOREX.r2.1HG0062060","32H"
113,"HORVU.MOREX.r2.6HG0457380","32H"
114,"HORVU.MOREX.r2.7HG0567190","32H"
115,"HORVU.MOREX.r2.5HG0362690","32H"
116,"HORVU.MOREX.r2.5HG0411610","32H"
117,"HORVU.MOREX.r2.7HG0583750","32H"
118,"HORVU.MOREX.r2.7HG0587380","32H"
119,"HORVU.MOREX.r2.1HG0056100","32H"
120,"HORVU.MOREX.r2.7HG0527940","32H"
121,"HORVU.MOREX.r2.1HG0048050","32H"
122,"HORVU.MOREX.r2.4HG0341380","32H"
123,"HORVU.MOREX.r2.5HG0367130","32H"
124,"HORVU.MOREX.r2.6HG0494790","32H"
125,"HORVU.MOREX.r2.5HG0429140","32H"
126,"HORVU.MOREX.r2.2HG0140540","32H"
127,"HORVU.MOREX.r2.4HG0333900","32H"
128,"HORVU.MOREX.r2.4HG0288270","32H"
129,"HORVU.MOREX.r2.3HG0200630","32H"
130,"HORVU.MOREX.r2.7HG0587540","32H"
131,"HORVU.MOREX.r2.2HG0113790","32H"
132,"HORVU.MOREX.r2.2HG0158860","32H"
133,"HORVU.MOREX.r2.5HG0414180","32H"
134,"HORVU.MOREX.r2.UnG0631950","32H"
135,"HORVU.MOREX.r2.2HG0081860","32H"
136,"HORVU.MOREX.r2.UnG0627890","32H"
137,"HORVU.MOREX.r2.4HG0313920","32H"
138,"HORVU.MOREX.r2.2HG0169890","32H"
139,"HORVU.MOREX.r2.7HG0553660","32H"
140,"HORVU.MOREX.r2.1HG0012650","32H"
141,"HORVU.MOREX.r2.1HG0049750","32H"
142,"HORVU.MOREX.r2.5HG0415550","32H"
143,"HORVU.MOREX.r2.1HG0068680","32H"
144,"HORVU.MOREX.r2.4HG0321070","32H"
145,"HORVU.MOREX.r2.3HG0232280","32H"
146,"HORVU.MOREX.r2.7HG0589510","32H"
147,"HORVU.MOREX.r2.6HG0501180","32H"
148,"HORVU.MOREX.r2.3HG0194810","32H"
149,"HORVU.MOREX.r2.7HG0609340","32H"
150,"HORVU.MOREX.r2.7HG0592670","32H"
151,"HORVU.MOREX.r2.3HG0263610","32H"
152,"HORVU.MOREX.r2.7HG0601560","32H"
153,"HORVU.MOREX.r2.4HG0315870","32H"
154,"HORVU.MOREX.r2.4HG0286680","32H"
155,"HORVU.MOREX.r2.5HG0358040","32H"
156,"HORVU.MOREX.r2.1HG0066830","32H"
157,"HORVU.MOREX.r2.7HG0615730","32H"
158,"HORVU.MOREX.r2.1HG0025270","32H"
159,"HORVU.MOREX.r2.5HG0386630","32H"
160,"HORVU.MOREX.r2.5HG0435410","32H"
161,"HORVU.MOREX.r2.7HG0615620","32H"
162,"HORVU.MOREX.r2.4HG0326240","32H"
163,"HORVU.MOREX.r2.5HG0388420","32H"
164,"HORVU.MOREX.r2.2HG0136060","32H"
165,"HORVU.MOREX.r2.7HG0561080","32H"
166,"HORVU.MOREX.r2.4HG0276080","32H"
167,"HORVU.MOREX.r2.2HG0154140","32H"
168,"HORVU.MOREX.r2.5HG0413530","32H"
169,"HORVU.MOREX.r2.3HG0193550","32H"
170,"HORVU.MOREX.r2.5HG0363290","32H"
171,"HORVU.MOREX.r2.3HG0194540","32H"
172,"HORVU.MOREX.r2.5HG0406690","32H"
173,"HORVU.MOREX.r2.5HG0352330","32H"
174,"HORVU.MOREX.r2.2HG0169360","32H"
175,"HORVU.MOREX.r2.7HG0603930","32H"
176,"HORVU.MOREX.r2.4HG0284370","32H"
177,"HORVU.MOREX.r2.1HG0057800","32H"
178,"HORVU.MOREX.r2.5HG0402660","32H"
179,"HORVU.MOREX.r2.3HG0266100","32H"
180,"HORVU.MOREX.r2.1HG0022990","32H"
181,"HORVU.MOREX.r2.2HG0118680","32H"
182,"HORVU.MOREX.r2.7HG0529250","32H"
183,"HORVU.MOREX.r2.7HG0579770","32H"
184,"HORVU.MOREX.r2.1HG0014980","32H"
185,"HORVU.MOREX.r2.3HG0199790","32H"
186,"HORVU.MOREX.r2.4HG0281420","32H"
187,"HORVU.MOREX.r2.4HG0315750","32H"
188,"HORVU.MOREX.r2.6HG0488890","32H"
189,"HORVU.MOREX.r2.6HG0471470","32H"
190,"HORVU.MOREX.r2.2HG0137080","32H"
191,"HORVU.MOREX.r2.7HG0553870","32H"
192,"HORVU.MOREX.r2.3HG0244870","32H"
193,"HORVU.MOREX.r2.4HG0323430","32H"
194,"HORVU.MOREX.r2.3HG0195220","32H"
195,"HORVU.MOREX.r2.5HG0406790","32H"
196,"HORVU.MOREX.r2.2HG0101560","32H"
197,"HORVU.MOREX.r2.3HG0254850","32H"
198,"HORVU.MOREX.r2.7HG0550010","32H"
199,"HORVU.MOREX.r2.2HG0171610","32H"
200,"HORVU.MOREX.r2.7HG0587150","32H"
201,"HORVU.MOREX.r2.2HG0082640","32H"
202,"HORVU.MOREX.r2.3HG0216590","32H"
203,"HORVU.MOREX.r2.6HG0526820","32H"
204,"HORVU.MOREX.r2.3HG0229830","32H"
205,"HORVU.MOREX.r2.7HG0544860","32H"
206,"HORVU.MOREX.r2.UnG0625830","32H"
207,"HORVU.MOREX.r2.3HG0255590","32H"
208,"HORVU.MOREX.r2.4HG0334350","32H"
209,"HORVU.MOREX.r2.5HG0379030","32H"
210,"HORVU.MOREX.r2.2HG0113220","32H"
211,"HORVU.MOREX.r2.3HG0242390","32H"
212,"HORVU.MOREX.r2.1HG0076490","32H"
213,"HORVU.MOREX.r2.3HG0199050","32H"
214,"HORVU.MOREX.r2.3HG0274770","32H"
215,"HORVU.MOREX.r2.2HG0123120","32H"
216,"HORVU.MOREX.r2.7HG0548890","32H"
217,"HORVU.MOREX.r2.1HG0061480","32H"
218,"HORVU.MOREX.r2.6HG0503470","32H"
219,"HORVU.MOREX.r2.3HG0259190","32H"
220,"HORVU.MOREX.r2.2HG0164520","32H"
221,"HORVU.MOREX.r2.5HG0435830","32H"
222,"HORVU.MOREX.r2.3HG0237240","32H"
223,"HORVU.MOREX.r2.6HG0525140","32H"
224,"HORVU.MOREX.r2.7HG0535520","32H"
225,"HORVU.MOREX.r2.7HG0612090","32H"
226,"HORVU.MOREX.r2.4HG0283770","32H"
227,"HORVU.MOREX.r2.4HG0335790","32H"
228,"HORVU.MOREX.r2.1HG0060510","32H"
229,"HORVU.MOREX.r2.5HG0393320","32H"
230,"HORVU.MOREX.r2.3HG0257800","32H"
231,"HORVU.MOREX.r2.5HG0426300","32H"
232,"HORVU.MOREX.r2.3HG0245680","32H"
233,"HORVU.MOREX.r2.3HG0270520","32H"
234,"HORVU.MOREX.r2.7HG0610100","32H"
235,"HORVU.MOREX.r2.7HG0528770","32H"
236,"HORVU.MOREX.r2.2HG0128880","32H"
237,"HORVU.MOREX.r2.3HG0248190","32H"
238,"HORVU.MOREX.r2.2HG0166780","32H"
239,"HORVU.MOREX.r2.7HG0552650","32H"
240,"HORVU.MOREX.r2.2HG0130220","32H"
241,"HORVU.MOREX.r2.6HG0462880","32H"
242,"HORVU.MOREX.r2.3HG0243490","32H"
243,"HORVU.MOREX.r2.6HG0491300","32H"
244,"HORVU.MOREX.r2.4HG0333650","32H"
245,"HORVU.MOREX.r2.1HG0062600","32H"
246,"HORVU.MOREX.r2.2HG0106180","32H"
247,"HORVU.MOREX.r2.5HG0384960","32H"
248,"HORVU.MOREX.r2.1HG0059580","32H"
249,"HORVU.MOREX.r2.2HG0080550","32H"
250,"HORVU.MOREX.r2.7HG0578790","32H"
251,"HORVU.MOREX.r2.5HG0368080","32H"
252,"HORVU.MOREX.r2.1HG0066670","32H"
253,"HORVU.MOREX.r2.4HG0326260","32H"
254,"HORVU.MOREX.r2.5HG0424810","32H"
255,"HORVU.MOREX.r2.5HG0400930","32H"
256,"HORVU.MOREX.r2.1HG0061230","32H"
257,"HORVU.MOREX.r2.3HG0250360","32H"
258,"HORVU.MOREX.r2.4HG0279910","32H"
259,"HORVU.MOREX.r2.5HG0354850","32H"
260,"HORVU.MOREX.r2.3HG0249500","32H"
261,"HORVU.MOREX.r2.3HG0228200","32H"
262,"HORVU.MOREX.r2.6HG0496900","32H"
263,"HORVU.MOREX.r2.1HG0057280","32H"
264,"HORVU.MOREX.r2.6HG0506610","32H"
265,"HORVU.MOREX.r2.5HG0383780","32H"
266,"HORVU.MOREX.r2.7HG0555720","32H"
267,"HORVU.MOREX.r2.2HG0136120","32H"
268,"HORVU.MOREX.r2.2HG0174540","32H"
269,"HORVU.MOREX.r2.6HG0489540","32H"
270,"HORVU.MOREX.r2.3HG0211850","32H"
271,"HORVU.MOREX.r2.1HG0023550","32H"
272,"HORVU.MOREX.r2.6HG0499320","32H"
273,"HORVU.MOREX.r2.5HG0433110","32H"
274,"HORVU.MOREX.r2.7HG0556360","32H"
275,"HORVU.MOREX.r2.3HG0249800","32H"
276,"HORVU.MOREX.r2.2HG0110020","32H"
277,"HORVU.MOREX.r2.2HG0079830","32H"
278,"HORVU.MOREX.r2.1HG0016580","32H"
279,"HORVU.MOREX.r2.3HG0263380","32H"
280,"HORVU.MOREX.r2.3HG0272620","32H"
281,"HORVU.MOREX.r2.3HG0233340","32H"
282,"HORVU.MOREX.r2.4HG0288200","32H"
283,"HORVU.MOREX.r2.4HG0278810","32H"
284,"HORVU.MOREX.r2.6HG0476340","32H"
285,"HORVU.MOREX.r2.5HG0354360","32H"
286,"HORVU.MOREX.r2.5HG0431420","32H"
287,"HORVU.MOREX.r2.4HG0329070","32H"
288,"HORVU.MOREX.r2.4HG0312620","32H"
289,"HORVU.MOREX.r2.5HG0412380","32H"
290,"HORVU.MOREX.r2.6HG0470590","32H"
291,"HORVU.MOREX.r2.5HG0387220","32H"
292,"HORVU.MOREX.r2.2HG0172410","32H"
293,"HORVU.MOREX.r2.1HG0016480","32H"
294,"HORVU.MOREX.r2.4HG0290500","32H"
295,"HORVU.MOREX.r2.1HG0020300","32H"
296,"HORVU.MOREX.r2.5HG0403270","32H"
297,"HORVU.MOREX.r2.6HG0450190","32H"
298,"HORVU.MOREX.r2.3HG0186500","32H"
299,"HORVU.MOREX.r2.4HG0282100","32H"
300,"HORVU.MOREX.r2.4HG0338750","32H"
301,"HORVU.MOREX.r2.6HG0519460","32H"
302,"HORVU.MOREX.r2.6HG0499530","32H"
303,"HORVU.MOREX.r2.1HG0051720","32H"
304,"HORVU.MOREX.r2.1HG0051770","32H"
305,"HORVU.MOREX.r2.6HG0476870","32H"
306,"HORVU.MOREX.r2.1HG0059240","32H"
307,"HORVU.MOREX.r2.6HG0498710","32H"
308,"HORVU.MOREX.r2.6HG0498830","32H"
309,"HORVU.MOREX.r2.6HG0498790","32H"
310,"HORVU.MOREX.r2.7HG0569740","32H"
311,"HORVU.MOREX.r2.5HG0383100","32H"
312,"HORVU.MOREX.r2.7HG0554630","32H"
313,"HORVU.MOREX.r2.4HG0343710","32H"
314,"HORVU.MOREX.r2.4HG0290230","32H"
315,"HORVU.MOREX.r2.3HG0225010","32H"
316,"HORVU.MOREX.r2.1HG0046570","32H"
317,"HORVU.MOREX.r2.7HG0565420","32H"
318,"HORVU.MOREX.r2.1HG0040660","32H"
319,"HORVU.MOREX.r2.3HG0240260","32H"
320,"HORVU.MOREX.r2.3HG0249000","32H"
321,"HORVU.MOREX.r2.4HG0328240","32H"
322,"HORVU.MOREX.r2.4HG0313770","32H"
323,"HORVU.MOREX.r2.3HG0206440","32H"
324,"HORVU.MOREX.r2.2HG0081070","32H"
325,"HORVU.MOREX.r2.1HG0020140","32H"
326,"HORVU.MOREX.r2.2HG0110380","32H"
327,"HORVU.MOREX.r2.1HG0068260","32H"
328,"HORVU.MOREX.r2.3HG0208570","32H"
329,"HORVU.MOREX.r2.2HG0176090","32H"
330,"HORVU.MOREX.r2.3HG0242400","32H"
331,"HORVU.MOREX.r2.5HG0441050","32H"
332,"HORVU.MOREX.r2.6HG0519720","32H"
333,"HORVU.MOREX.r2.2HG0108200","32H"
334,"HORVU.MOREX.r2.1HG0058880","32H"
335,"HORVU.MOREX.r2.3HG0252430","32H"
336,"HORVU.MOREX.r2.3HG0249020","32H"
337,"HORVU.MOREX.r2.6HG0454100","32H"
338,"HORVU.MOREX.r2.7HG0537070","32H"
339,"HORVU.MOREX.r2.3HG0256320","32H"
340,"HORVU.MOREX.r2.3HG0255240","32H"
341,"HORVU.MOREX.r2.3HG0219540","32H"
342,"HORVU.MOREX.r2.7HG0586260","32H"
343,"HORVU.MOREX.r2.3HG0215820","32H"
344,"HORVU.MOREX.r2.6HG0485180","32H"
345,"HORVU.MOREX.r2.7HG0593030","32H"
346,"HORVU.MOREX.r2.1HG0000070","32H"
347,"HORVU.MOREX.r2.5HG0434820","32H"
348,"HORVU.MOREX.r2.1HG0062630","32H"
349,"HORVU.MOREX.r2.4HG0323250","32H"
350,"HORVU.MOREX.r2.1HG0066860","32H"
351,"HORVU.MOREX.r2.4HG0292540","32H"
352,"HORVU.MOREX.r2.1HG0058230","32H"
353,"HORVU.MOREX.r2.3HG0216660","32H"
354,"HORVU.MOREX.r2.5HG0413480","32H"
355,"HORVU.MOREX.r2.7HG0530090","32H"
356,"HORVU.MOREX.r2.5HG0416020","32H"
357,"HORVU.MOREX.r2.3HG0242810","32H"
358,"HORVU.MOREX.r2.7HG0620140","32H"
359,"HORVU.MOREX.r2.2HG0112790","32H"
360,"HORVU.MOREX.r2.3HG0254070","32H"
361,"HORVU.MOREX.r2.3HG0194520","32H"
362,"HORVU.MOREX.r2.5HG0359840","32H"
363,"HORVU.MOREX.r2.3HG0208540","32H"
364,"HORVU.MOREX.r2.7HG0545250","32H"
365,"HORVU.MOREX.r2.7HG0532400","32H"
366,"HORVU.MOREX.r2.7HG0593780","32H"
367,"HORVU.MOREX.r2.1HG0035800","32H"
368,"HORVU.MOREX.r2.2HG0128330","32H"
369,"HORVU.MOREX.r2.3HG0243750","32H"
370,"HORVU.MOREX.r2.2HG0110800","32H"
371,"HORVU.MOREX.r2.3HG0265850","32H"
372,"HORVU.MOREX.r2.5HG0419560","32H"
373,"HORVU.MOREX.r2.4HG0316710","32H"
374,"HORVU.MOREX.r2.2HG0090830","32H"
375,"HORVU.MOREX.r2.3HG0212490","32H"
376,"HORVU.MOREX.r2.4HG0280890","32H"
377,"HORVU.MOREX.r2.3HG0203640","32H"
378,"HORVU.MOREX.r2.5HG0391810","32H"
379,"HORVU.MOREX.r2.2HG0144360","32H"
380,"HORVU.MOREX.r2.6HG0505660","32H"
381,"HORVU.MOREX.r2.4HG0336900","32H"
382,"HORVU.MOREX.r2.3HG0187780","32H"
383,"HORVU.MOREX.r2.3HG0259650","32H"
384,"HORVU.MOREX.r2.2HG0121090","32H"
385,"HORVU.MOREX.r2.4HG0298000","32H"
386,"HORVU.MOREX.r2.6HG0486770","32H"
387,"HORVU.MOREX.r2.7HG0567790","32H"
388,"HORVU.MOREX.r2.5HG0371080","32H"
389,"HORVU.MOREX.r2.3HG0239790","32H"
390,"HORVU.MOREX.r2.3HG0231980","32H"
391,"HORVU.MOREX.r2.2HG0085280","32H"
392,"HORVU.MOREX.r2.3HG0206450","32H"
393,"HORVU.MOREX.r2.3HG0269260","32H"
394,"HORVU.MOREX.r2.1HG0030970","32H"
395,"HORVU.MOREX.r2.2HG0178800","32H"
396,"HORVU.MOREX.r2.6HG0473430","32H"
397,"HORVU.MOREX.r2.6HG0503820","32H"
398,"HORVU.MOREX.r2.5HG0378330","32H"
399,"HORVU.MOREX.r2.7HG0590950","32H"
400,"HORVU.MOREX.r2.1HG0051010","32H"
401,"HORVU.MOREX.r2.2HG0151240","32H"
402,"HORVU.MOREX.r2.2HG0126990","32H"
403,"HORVU.MOREX.r2.2HG0111780","32H"
404,"HORVU.MOREX.r2.3HG0196790","32H"
405,"HORVU.MOREX.r2.4HG0327490","32H"
406,"HORVU.MOREX.r2.2HG0136390","32H"
407,"HORVU.MOREX.r2.4HG0318710","32H"
408,"HORVU.MOREX.r2.4HG0288160","32H"
409,"HORVU.MOREX.r2.1HG0001550","32H"
410,"HORVU.MOREX.r2.3HG0185980","32H"
411,"HORVU.MOREX.r2.7HG0564930","32H"
412,"HORVU.MOREX.r2.1HG0052720","32H"
413,"HORVU.MOREX.r2.7HG0574990","32H"
414,"HORVU.MOREX.r2.2HG0138840","32H"
415,"HORVU.MOREX.r2.4HG0295190","32H"
416,"HORVU.MOREX.r2.6HG0514250","32H"
417,"HORVU.MOREX.r2.7HG0602110","32H"
418,"HORVU.MOREX.r2.1HG0062130","32H"
419,"HORVU.MOREX.r2.1HG0027300","32H"
420,"HORVU.MOREX.r2.4HG0320300","32H"
421,"HORVU.MOREX.r2.2HG0135010","32H"
422,"HORVU.MOREX.r2.4HG0282010","32H"
423,"HORVU.MOREX.r2.4HG0316360","32H"
424,"HORVU.MOREX.r2.6HG0502060","32H"
425,"HORVU.MOREX.r2.2HG0159500","32H"
426,"HORVU.MOREX.r2.7HG0534770","32H"
427,"HORVU.MOREX.r2.3HG0250030","32H"
428,"HORVU.MOREX.r2.5HG0407970","32H"
429,"HORVU.MOREX.r2.6HG0486840","32H"
430,"HORVU.MOREX.r2.5HG0353760","32H"
431,"HORVU.MOREX.r2.7HG0595950","32H"
432,"HORVU.MOREX.r2.2HG0088550","32H"
433,"HORVU.MOREX.r2.2HG0088540","32H"
434,"HORVU.MOREX.r2.1HG0050080","32H"
435,"HORVU.MOREX.r2.6HG0519230","32H"
436,"HORVU.MOREX.r2.6HG0519270","32H"
437,"HORVU.MOREX.r2.4HG0303540","32H"
438,"HORVU.MOREX.r2.3HG0254990","32H"
439,"HORVU.MOREX.r2.5HG0406700","32H"
440,"HORVU.MOREX.r2.7HG0605160","32H"
441,"HORVU.MOREX.r2.6HG0473420","32H"
442,"HORVU.MOREX.r2.5HG0422960","32H"
443,"HORVU.MOREX.r2.6HG0481130","32H"
444,"HORVU.MOREX.r2.1HG0022240","32H"
445,"HORVU.MOREX.r2.7HG0543930","32H"
446,"HORVU.MOREX.r2.5HG0430540","32H"
447,"HORVU.MOREX.r2.6HG0512720","32H"
448,"HORVU.MOREX.r2.7HG0584850","32H"
449,"HORVU.MOREX.r2.7HG0579070","32H"
450,"HORVU.MOREX.r2.3HG0199870","32H"
451,"HORVU.MOREX.r2.6HG0526100","32H"
452,"HORVU.MOREX.r2.1HG0030810","32H"
453,"HORVU.MOREX.r2.7HG0611940","32H"
454,"HORVU.MOREX.r2.4HG0331010","32H"
455,"HORVU.MOREX.r2.3HG0182960","32H"
456,"HORVU.MOREX.r2.6HG0517880","32H"
457,"HORVU.MOREX.r2.4HG0332540","32H"
458,"HORVU.MOREX.r2.3HG0229090","32H"
459,"HORVU.MOREX.r2.4HG0277590","32H"
460,"HORVU.MOREX.r2.7HG0603630","32H"
461,"HORVU.MOREX.r2.4HG0281140","32H"
462,"HORVU.MOREX.r2.2HG0161480","32H"
463,"HORVU.MOREX.r2.3HG0229440","32H"
464,"HORVU.MOREX.r2.6HG0499630","32H"
465,"HORVU.MOREX.r2.1HG0055750","32H"
466,"HORVU.MOREX.r2.5HG0370130","32H"
467,"HORVU.MOREX.r2.3HG0244180","32H"
468,"HORVU.MOREX.r2.4HG0316020","32H"
469,"HORVU.MOREX.r2.7HG0554930","32H"
470,"HORVU.MOREX.r2.4HG0346800","32H"
471,"HORVU.MOREX.r2.1HG0040620","32H"
472,"HORVU.MOREX.r2.6HG0474660","32H"
473,"HORVU.MOREX.r2.2HG0146520","32H"
474,"HORVU.MOREX.r2.4HG0332240","32H"
475,"HORVU.MOREX.r2.1HG0075340","32H"
476,"HORVU.MOREX.r2.6HG0526090","32H"
477,"HORVU.MOREX.r2.7HG0547010","32H"
478,"HORVU.MOREX.r2.7HG0596110","32H"
479,"HORVU.MOREX.r2.2HG0097620","32H"
480,"HORVU.MOREX.r2.2HG0085770","32H"
481,"HORVU.MOREX.r2.4HG0338770","32H"
482,"HORVU.MOREX.r2.5HG0421380","32H"
483,"HORVU.MOREX.r2.7HG0588800","32H"
484,"HORVU.MOREX.r2.7HG0595370","32H"
485,"HORVU.MOREX.r2.3HG0207940","32H"
486,"HORVU.MOREX.r2.6HG0491650","32H"
487,"HORVU.MOREX.r2.5HG0432560","32H"
488,"HORVU.MOREX.r2.3HG0255040","32H"
489,"HORVU.MOREX.r2.6HG0499340","32H"
490,"HORVU.MOREX.r2.6HG0451420","32H"
491,"HORVU.MOREX.r2.4HG0338720","32H"
492,"HORVU.MOREX.r2.2HG0140950","32H"
493,"HORVU.MOREX.r2.7HG0552630","32H"
494,"HORVU.MOREX.r2.5HG0443540","32H"
495,"HORVU.MOREX.r2.7HG0552980","32H"
496,"HORVU.MOREX.r2.4HG0327690","32H"
497,"HORVU.MOREX.r2.3HG0189640","32H"
498,"HORVU.MOREX.r2.4HG0330730","32H"
499,"HORVU.MOREX.r2.6HG0507060","32H"
500,"HORVU.MOREX.r2.5HG0367090","32H"
501,"HORVU.MOREX.r2.2HG0125150","32H"
502,"HORVU.MOREX.r2.3HG0271220","32H"
503,"HORVU.MOREX.r2.3HG0194350","32H"
504,"HORVU.MOREX.r2.4HG0345170","32H"
505,"HORVU.MOREX.r2.5HG0402170","32H"
506,"HORVU.MOREX.r2.5HG0394350","32H"
507,"HORVU.MOREX.r2.7HG0543400","32H"
508,"HORVU.MOREX.r2.1HG0031080","32H"
509,"HORVU.MOREX.r2.7HG0611330","32H"
510,"HORVU.MOREX.r2.3HG0263950","32H"
511,"HORVU.MOREX.r2.1HG0027190","32H"
512,"HORVU.MOREX.r2.4HG0279310","32H"
513,"HORVU.MOREX.r2.5HG0380330","32H"
514,"HORVU.MOREX.r2.4HG0346270","32H"
515,"HORVU.MOREX.r2.1HG0070800","32H"
516,"HORVU.MOREX.r2.2HG0162870","32H"
517,"HORVU.MOREX.r2.7HG0589580","32H"
518,"HORVU.MOREX.r2.2HG0127140","32H"
519,"HORVU.MOREX.r2.2HG0143540","32H"
520,"HORVU.MOREX.r2.1HG0045900","32H"
521,"HORVU.MOREX.r2.4HG0281440","32H"
522,"HORVU.MOREX.r2.4HG0283360","32H"
523,"HORVU.MOREX.r2.4HG0326520","32H"
524,"HORVU.MOREX.r2.5HG0366990","32H"
525,"HORVU.MOREX.r2.6HG0474510","32H"
526,"HORVU.MOREX.r2.7HG0583650","32H"
527,"HORVU.MOREX.r2.6HG0522630","32H"
528,"HORVU.MOREX.r2.6HG0495710","32H"
529,"HORVU.MOREX.r2.3HG0207310","32H"
530,"HORVU.MOREX.r2.2HG0153280","32H"
531,"HORVU.MOREX.r2.4HG0289650","32H"
532,"HORVU.MOREX.r2.2HG0095990","32H"
533,"HORVU.MOREX.r2.5HG0409340","32H"
534,"HORVU.MOREX.r2.7HG0597690","32H"
535,"HORVU.MOREX.r2.2HG0135370","32H"
536,"HORVU.MOREX.r2.2HG0151300","32H"
537,"HORVU.MOREX.r2.5HG0388480","32H"
538,"HORVU.MOREX.r2.7HG0541620","32H"
539,"HORVU.MOREX.r2.3HG0256300","32H"
540,"HORVU.MOREX.r2.3HG0202580","32H"
541,"HORVU.MOREX.r2.1HG0046970","32H"
542,"HORVU.MOREX.r2.5HG0401950","32H"
543,"HORVU.MOREX.r2.5HG0382860","32H"
544,"HORVU.MOREX.r2.6HG0522850","32H"
545,"HORVU.MOREX.r2.7HG0592300","32H"
546,"HORVU.MOREX.r2.1HG0042370","32H"
547,"HORVU.MOREX.r2.2HG0156210","32H"
548,"HORVU.MOREX.r2.6HG0524960","32H"
549,"HORVU.MOREX.r2.2HG0088020","32H"
550,"HORVU.MOREX.r2.1HG0009540","32H"
551,"HORVU.MOREX.r2.3HG0195810","32H"
552,"HORVU.MOREX.r2.7HG0603950","32H"
553,"HORVU.MOREX.r2.1HG0018930","32H"
554,"HORVU.MOREX.r2.2HG0166910","32H"
555,"HORVU.MOREX.r2.5HG0382520","32H"
556,"HORVU.MOREX.r2.2HG0170870","32H"
557,"HORVU.MOREX.r2.3HG0229040","32H"
558,"HORVU.MOREX.r2.7HG0537910","32H"
559,"HORVU.MOREX.r2.6HG0508490","32H"
560,"HORVU.MOREX.r2.3HG0246030","32H"
561,"HORVU.MOREX.r2.2HG0153520","32H"
562,"HORVU.MOREX.r2.3HG0191370","32H"
563,"HORVU.MOREX.r2.5HG0416270","32H"
564,"HORVU.MOREX.r2.6HG0505700","32H"
565,"HORVU.MOREX.r2.7HG0597800","32H"
566,"HORVU.MOREX.r2.3HG0260380","32H"
567,"HORVU.MOREX.r2.7HG0582470","32H"
568,"HORVU.MOREX.r2.7HG0565430","32H"
569,"HORVU.MOREX.r2.5HG0439110","32H"
570,"HORVU.MOREX.r2.2HG0102770","32H"
571,"HORVU.MOREX.r2.2HG0093320","32H"
572,"HORVU.MOREX.r2.4HG0281090","32H"
573,"HORVU.MOREX.r2.5HG0381850","32H"
574,"HORVU.MOREX.r2.3HG0224350","32H"
575,"HORVU.MOREX.r2.7HG0598010","32H"
576,"HORVU.MOREX.r2.7HG0620940","32H"
577,"HORVU.MOREX.r2.3HG0202130","32H"
578,"HORVU.MOREX.r2.3HG0220000","32H"
579,"HORVU.MOREX.r2.2HG0097170","32H"
580,"HORVU.MOREX.r2.3HG0241800","32H"
581,"HORVU.MOREX.r2.6HG0505580","32H"
582,"HORVU.MOREX.r2.6HG0461610","32H"
583,"HORVU.MOREX.r2.2HG0104780","32H"
584,"HORVU.MOREX.r2.7HG0542350","32H"
585,"HORVU.MOREX.r2.4HG0294660","32H"
586,"HORVU.MOREX.r2.3HG0195800","32H"
587,"HORVU.MOREX.r2.3HG0212560","32H"
588,"HORVU.MOREX.r2.1HG0045370","32H"
589,"HORVU.MOREX.r2.1HG0042250","32H"
590,"HORVU.MOREX.r2.5HG0412940","32H"
591,"HORVU.MOREX.r2.6HG0520490","32H"
592,"HORVU.MOREX.r2.5HG0380200","32H"
593,"HORVU.MOREX.r2.2HG0154400","32H"
594,"HORVU.MOREX.r2.3HG0261530","32H"
595,"HORVU.MOREX.r2.5HG0413450","32H"
596,"HORVU.MOREX.r2.2HG0148270","32H"
597,"HORVU.MOREX.r2.5HG0429900","32H"
598,"HORVU.MOREX.r2.5HG0435670","32H"
599,"HORVU.MOREX.r2.2HG0158800","32H"
600,"HORVU.MOREX.r2.4HG0285160","32H"
601,"HORVU.MOREX.r2.4HG0299440","32H"
602,"HORVU.MOREX.r2.4HG0325430","32H"
603,"HORVU.MOREX.r2.2HG0154390","32H"
604,"HORVU.MOREX.r2.6HG0509770","32H"
605,"HORVU.MOREX.r2.4HG0316370","32H"
606,"HORVU.MOREX.r2.6HG0471220","32H"
607,"HORVU.MOREX.r2.7HG0529600","32H"
608,"HORVU.MOREX.r2.1HG0013170","32H"
609,"HORVU.MOREX.r2.5HG0383530","32H"
610,"HORVU.MOREX.r2.5HG0355080","32H"
611,"HORVU.MOREX.r2.3HG0191610","32H"
612,"HORVU.MOREX.r2.2HG0160580","32H"
613,"HORVU.MOREX.r2.4HG0325660","32H"
614,"HORVU.MOREX.r2.3HG0210900","32H"
615,"HORVU.MOREX.r2.6HG0471110","32H"
616,"HORVU.MOREX.r2.4HG0286480","32H"
617,"HORVU.MOREX.r2.2HG0110440","32H"
618,"HORVU.MOREX.r2.4HG0294890","32H"
619,"HORVU.MOREX.r2.2HG0130750","32H"
620,"HORVU.MOREX.r2.5HG0372420","32H"
621,"HORVU.MOREX.r2.2HG0128610","32H"
622,"HORVU.MOREX.r2.5HG0445190","32H"
623,"HORVU.MOREX.r2.6HG0477820","32H"
624,"HORVU.MOREX.r2.6HG0490720","32H"
625,"HORVU.MOREX.r2.7HG0567610","32H"
626,"HORVU.MOREX.r2.7HG0596640","32H"
627,"HORVU.MOREX.r2.5HG0390620","32H"
628,"HORVU.MOREX.r2.2HG0123030","32H"
629,"HORVU.MOREX.r2.7HG0612690","32H"
630,"HORVU.MOREX.r2.5HG0380720","32H"
631,"HORVU.MOREX.r2.2HG0111150","32H"
632,"HORVU.MOREX.r2.4HG0277910","32H"
633,"HORVU.MOREX.r2.6HG0485700","32H"
634,"HORVU.MOREX.r2.7HG0568570","32H"
635,"HORVU.MOREX.r2.4HG0345900","32H"
636,"HORVU.MOREX.r2.2HG0142800","32H"
637,"HORVU.MOREX.r2.4HG0288360","32H"
638,"HORVU.MOREX.r2.3HG0253450","32H"
639,"HORVU.MOREX.r2.1HG0046680","32H"
640,"HORVU.MOREX.r2.3HG0241720","32H"
641,"HORVU.MOREX.r2.4HG0317760","32H"
642,"HORVU.MOREX.r2.7HG0538610","32H"
643,"HORVU.MOREX.r2.1HG0032360","32H"
644,"HORVU.MOREX.r2.4HG0344460","32H"
645,"HORVU.MOREX.r2.4HG0307650","32H"
646,"HORVU.MOREX.r2.2HG0112010","32H"
647,"HORVU.MOREX.r2.6HG0496920","32H"
648,"HORVU.MOREX.r2.6HG0510290","32H"
649,"HORVU.MOREX.r2.7HG0548870","32H"
650,"HORVU.MOREX.r2.2HG0134610","32H"
651,"HORVU.MOREX.r2.3HG0227780","32H"
652,"HORVU.MOREX.r2.2HG0135150","32H"
653,"HORVU.MOREX.r2.6HG0524680","32H"
654,"HORVU.MOREX.r2.7HG0535160","32H"
655,"HORVU.MOREX.r2.6HG0515910","32H"
656,"HORVU.MOREX.r2.6HG0475090","32H"
657,"HORVU.MOREX.r2.5HG0364690","32H"
658,"HORVU.MOREX.r2.6HG0491890","32H"
659,"HORVU.MOREX.r2.3HG0239860","32H"
660,"HORVU.MOREX.r2.3HG0260780","32H"
661,"HORVU.MOREX.r2.3HG0202210","32H"
662,"HORVU.MOREX.r2.7HG0550060","32H"
663,"HORVU.MOREX.r2.3HG0217510","32H"
664,"HORVU.MOREX.r2.7HG0596950","32H"
665,"HORVU.MOREX.r2.1HG0057610","32H"
666,"HORVU.MOREX.r2.3HG0195630","32H"
667,"HORVU.MOREX.r2.4HG0295230","32H"
668,"HORVU.MOREX.r2.2HG0129130","32H"
669,"HORVU.MOREX.r2.1HG0059040","32H"
670,"HORVU.MOREX.r2.3HG0265900","32H"
671,"HORVU.MOREX.r2.3HG0203020","32H"
672,"HORVU.MOREX.r2.7HG0582910","32H"
673,"HORVU.MOREX.r2.4HG0287380","32H"
674,"HORVU.MOREX.r2.3HG0239150","32H"
675,"HORVU.MOREX.r2.1HG0044670","32H"
676,"HORVU.MOREX.r2.1HG0035810","32H"
677,"HORVU.MOREX.r2.1HG0016720","32H"
678,"HORVU.MOREX.r2.4HG0338350","32H"
679,"HORVU.MOREX.r2.7HG0542650","32H"
680,"HORVU.MOREX.r2.6HG0472380","32H"
681,"HORVU.MOREX.r2.3HG0272400","32H"
682,"HORVU.MOREX.r2.3HG0224430","32H"
683,"HORVU.MOREX.r2.2HG0096580","32H"
684,"HORVU.MOREX.r2.4HG0287250","32H"
685,"HORVU.MOREX.r2.1HG0012450","32H"
686,"HORVU.MOREX.r2.4HG0297320","32H"
687,"HORVU.MOREX.r2.7HG0601740","32H"
688,"HORVU.MOREX.r2.5HG0395410","32H"
689,"HORVU.MOREX.r2.7HG0587440","32H"
690,"HORVU.MOREX.r2.2HG0176040","32H"
691,"HORVU.MOREX.r2.4HG0292620","32H"
692,"HORVU.MOREX.r2.2HG0094680","32H"
693,"HORVU.MOREX.r2.2HG0163110","32H"
694,"HORVU.MOREX.r2.1HG0062100","32H"
695,"HORVU.MOREX.r2.2HG0130920","32H"
696,"HORVU.MOREX.r2.4HG0293200","32H"
697,"HORVU.MOREX.r2.1HG0078740","32H"
698,"HORVU.MOREX.r2.1HG0024140","32H"
699,"HORVU.MOREX.r2.5HG0355940","32H"
700,"HORVU.MOREX.r2.3HG0251670","32H"
701,"HORVU.MOREX.r2.7HG0538650","32H"
702,"HORVU.MOREX.r2.3HG0202290","32H"
703,"HORVU.MOREX.r2.3HG0230060","32H"
704,"HORVU.MOREX.r2.3HG0209460","32H"
705,"HORVU.MOREX.r2.3HG0248560","32H"
706,"HORVU.MOREX.r2.1HG0063130","32H"
707,"HORVU.MOREX.r2.4HG0323700","32H"
708,"HORVU.MOREX.r2.4HG0276150","32H"
709,"HORVU.MOREX.r2.3HG0240830","32H"
710,"HORVU.MOREX.r2.2HG0173980","32H"
711,"HORVU.MOREX.r2.7HG0620680","32H"
712,"HORVU.MOREX.r2.4HG0280020","32H"
713,"HORVU.MOREX.r2.1HG0018010","32H"
714,"HORVU.MOREX.r2.1HG0066990","32H"
715,"HORVU.MOREX.r2.7HG0599500","32H"
716,"HORVU.MOREX.r2.4HG0275920","32H"
717,"HORVU.MOREX.r2.3HG0232440","32H"
718,"HORVU.MOREX.r2.2HG0153640","32H"
719,"HORVU.MOREX.r2.3HG0273240","32H"
720,"HORVU.MOREX.r2.1HG0051240","32H"
721,"HORVU.MOREX.r2.7HG0619460","32H"
722,"HORVU.MOREX.r2.5HG0391720","32H"
723,"HORVU.MOREX.r2.7HG0618650","32H"
724,"HORVU.MOREX.r2.5HG0425750","32H"
725,"HORVU.MOREX.r2.4HG0284690","32H"
726,"HORVU.MOREX.r2.3HG0194570","32H"
727,"HORVU.MOREX.r2.1HG0033960","32H"
728,"HORVU.MOREX.r2.2HG0174870","32H"
729,"HORVU.MOREX.r2.7HG0581680","32H"
730,"HORVU.MOREX.r2.3HG0249830","32H"
731,"HORVU.MOREX.r2.5HG0429370","32H"
732,"HORVU.MOREX.r2.3HG0191270","32H"
733,"HORVU.MOREX.r2.6HG0520850","32H"
734,"HORVU.MOREX.r2.2HG0177210","32H"
735,"HORVU.MOREX.r2.1HG0019310","32H"
736,"HORVU.MOREX.r2.4HG0325290","32H"
737,"HORVU.MOREX.r2.1HG0012680","32H"
738,"HORVU.MOREX.r2.6HG0475080","32H"
739,"HORVU.MOREX.r2.7HG0551060","32H"
740,"HORVU.MOREX.r2.1HG0052400","32H"
741,"HORVU.MOREX.r2.3HG0236590","32H"
742,"HORVU.MOREX.r2.7HG0546630","32H"
743,"HORVU.MOREX.r2.2HG0167320","32H"
744,"HORVU.MOREX.r2.2HG0166680","32H"
745,"HORVU.MOREX.r2.3HG0233040","32H"
746,"HORVU.MOREX.r2.6HG0517570","32H"
747,"HORVU.MOREX.r2.6HG0459250","32H"
748,"HORVU.MOREX.r2.2HG0150540","32H"
749,"HORVU.MOREX.r2.7HG0587300","32H"
750,"HORVU.MOREX.r2.4HG0281890","32H"
751,"HORVU.MOREX.r2.5HG0421310","32H"
752,"HORVU.MOREX.r2.2HG0109440","32H"
753,"HORVU.MOREX.r2.4HG0299540","32H"
754,"HORVU.MOREX.r2.2HG0159660","32H"
755,"HORVU.MOREX.r2.6HG0494390","32H"
756,"HORVU.MOREX.r2.2HG0146780","32H"
757,"HORVU.MOREX.r2.4HG0346550","32H"
758,"HORVU.MOREX.r2.4HG0310860","32H"
759,"HORVU.MOREX.r2.2HG0114130","32H"
760,"HORVU.MOREX.r2.5HG0349820","32H"
761,"HORVU.MOREX.r2.3HG0206270","32H"
762,"HORVU.MOREX.r2.1HG0052210","32H"
763,"HORVU.MOREX.r2.7HG0589460","32H"
764,"HORVU.MOREX.r2.5HG0382660","32H"
765,"HORVU.MOREX.r2.1HG0075200","32H"
766,"HORVU.MOREX.r2.3HG0236810","32H"
767,"HORVU.MOREX.r2.7HG0550730","32H"
768,"HORVU.MOREX.r2.5HG0441530","32H"
769,"HORVU.MOREX.r2.7HG0591910","32H"
770,"HORVU.MOREX.r2.2HG0139120","32H"
771,"HORVU.MOREX.r2.7HG0574980","32H"
772,"HORVU.MOREX.r2.4HG0295930","32H"
773,"HORVU.MOREX.r2.3HG0212420","32H"
774,"HORVU.MOREX.r2.1HG0049650","32H"
775,"HORVU.MOREX.r2.7HG0544560","32H"
776,"HORVU.MOREX.r2.2HG0117890","32H"
777,"HORVU.MOREX.r2.4HG0329930","32H"
778,"HORVU.MOREX.r2.6HG0494420","32H"
779,"HORVU.MOREX.r2.7HG0599290","32H"
780,"HORVU.MOREX.r2.1HG0036820","32H"
781,"HORVU.MOREX.r2.2HG0178960","32H"
782,"HORVU.MOREX.r2.7HG0599900","32H"
783,"HORVU.MOREX.r2.4HG0318680","32H"
784,"HORVU.MOREX.r2.3HG0268540","32H"
785,"HORVU.MOREX.r2.5HG0390420","32H"
786,"HORVU.MOREX.r2.5HG0370720","32H"
787,"HORVU.MOREX.r2.1HG0017110","32H"
788,"HORVU.MOREX.r2.6HG0458820","32H"
789,"HORVU.MOREX.r2.3HG0222450","32H"
790,"HORVU.MOREX.r2.2HG0098430","32H"
791,"HORVU.MOREX.r2.5HG0349880","32H"
792,"HORVU.MOREX.r2.2HG0112770","32H"
793,"HORVU.MOREX.r2.1HG0058040","32H"
794,"HORVU.MOREX.r2.1HG0046180","32H"
795,"HORVU.MOREX.r2.3HG0208760","32H"
796,"HORVU.MOREX.r2.4HG0286100","32H"
797,"HORVU.MOREX.r2.1HG0052160","32H"
798,"HORVU.MOREX.r2.4HG0347300","32H"
799,"HORVU.MOREX.r2.5HG0392060","32H"
800,"HORVU.MOREX.r2.3HG0230210","32H"
801,"HORVU.MOREX.r2.6HG0485900","32H"
802,"HORVU.MOREX.r2.5HG0401910","32H"
803,"HORVU.MOREX.r2.1HG0067240","32H"
804,"HORVU.MOREX.r2.7HG0549740","32H"
805,"HORVU.MOREX.r2.2HG0087900","32H"
806,"HORVU.MOREX.r2.1HG0037070","32H"
807,"HORVU.MOREX.r2.1HG0006290","32H"
808,"HORVU.MOREX.r2.7HG0596360","32H"
809,"HORVU.MOREX.r2.2HG0176780","32H"
810,"HORVU.MOREX.r2.1HG0053940","32H"
811,"HORVU.MOREX.r2.6HG0504940","32H"
812,"HORVU.MOREX.r2.5HG0428950","32H"
813,"HORVU.MOREX.r2.2HG0162900","32H"
814,"HORVU.MOREX.r2.4HG0337610","32H"
815,"HORVU.MOREX.r2.5HG0353930","32H"
816,"HORVU.MOREX.r2.1HG0073250","32H"
817,"HORVU.MOREX.r2.2HG0152600","32H"
818,"HORVU.MOREX.r2.2HG0151170","32H"
819,"HORVU.MOREX.r2.1HG0035260","32H"
820,"HORVU.MOREX.r2.7HG0593060","32H"
821,"HORVU.MOREX.r2.3HG0250250","32H"
822,"HORVU.MOREX.r2.4HG0316250","32H"
823,"HORVU.MOREX.r2.4HG0291710","32H"
824,"HORVU.MOREX.r2.6HG0490630","32H"
825,"HORVU.MOREX.r2.5HG0422460","32H"
826,"HORVU.MOREX.r2.7HG0561050","32H"
827,"HORVU.MOREX.r2.7HG0586220","32H"
828,"HORVU.MOREX.r2.2HG0141130","32H"
829,"HORVU.MOREX.r2.7HG0563540","32H"
830,"HORVU.MOREX.r2.3HG0253010","32H"
831,"HORVU.MOREX.r2.4HG0316540","32H"
832,"HORVU.MOREX.r2.7HG0613400","32H"
833,"HORVU.MOREX.r2.2HG0148780","32H"
834,"HORVU.MOREX.r2.1HG0030110","32H"
835,"HORVU.MOREX.r2.6HG0462450","32H"
836,"HORVU.MOREX.r2.2HG0162060","32H"
837,"HORVU.MOREX.r2.4HG0314480","32H"
838,"HORVU.MOREX.r2.7HG0564400","32H"
839,"HORVU.MOREX.r2.5HG0410170","32H"
840,"HORVU.MOREX.r2.4HG0302220","32H"
841,"HORVU.MOREX.r2.1HG0010640","32H"
842,"HORVU.MOREX.r2.3HG0273250","32H"
843,"HORVU.MOREX.r2.3HG0260430","32H"
844,"HORVU.MOREX.r2.6HG0481300","32H"
845,"HORVU.MOREX.r2.4HG0276280","32H"
846,"HORVU.MOREX.r2.4HG0326830","32H"
847,"HORVU.MOREX.r2.4HG0279770","32H"
848,"HORVU.MOREX.r2.2HG0175120","32H"
849,"HORVU.MOREX.r2.2HG0127360","32H"
850,"HORVU.MOREX.r2.4HG0309180","32H"
851,"HORVU.MOREX.r2.1HG0008420","32H"
852,"HORVU.MOREX.r2.3HG0268690","32H"
853,"HORVU.MOREX.r2.7HG0600110","32H"
854,"HORVU.MOREX.r2.2HG0095650","32H"
855,"HORVU.MOREX.r2.4HG0337480","32H"
856,"HORVU.MOREX.r2.6HG0479000","32H"
857,"HORVU.MOREX.r2.5HG0384050","32H"
858,"HORVU.MOREX.r2.2HG0111090","32H"
859,"HORVU.MOREX.r2.4HG0338820","32H"
860,"HORVU.MOREX.r2.6HG0503590","32H"
861,"HORVU.MOREX.r2.1HG0061590","32H"
862,"HORVU.MOREX.r2.7HG0583450","32H"
863,"HORVU.MOREX.r2.2HG0126290","32H"
864,"HORVU.MOREX.r2.2HG0102570","32H"
865,"HORVU.MOREX.r2.5HG0416410","32H"
866,"HORVU.MOREX.r2.5HG0367400","32H"
867,"HORVU.MOREX.r2.1HG0041270","32H"
868,"HORVU.MOREX.r2.3HG0212790","32H"
869,"HORVU.MOREX.r2.5HG0402060","32H"
870,"HORVU.MOREX.r2.6HG0495360","32H"
871,"HORVU.MOREX.r2.4HG0322370","32H"
872,"HORVU.MOREX.r2.5HG0354400","32H"
873,"HORVU.MOREX.r2.6HG0510600","32H"
874,"HORVU.MOREX.r2.4HG0333460","32H"
875,"HORVU.MOREX.r2.1HG0059900","32H"
876,"HORVU.MOREX.r2.3HG0255940","32H"
877,"HORVU.MOREX.r2.5HG0441250","32H"
878,"HORVU.MOREX.r2.2HG0140410","32H"
879,"HORVU.MOREX.r2.1HG0003280","32H"
880,"HORVU.MOREX.r2.3HG0195850","32H"
881,"HORVU.MOREX.r2.2HG0095580","32H"
882,"HORVU.MOREX.r2.2HG0094020","32H"
883,"HORVU.MOREX.r2.1HG0072450","32H"
884,"HORVU.MOREX.r2.2HG0169760","32H"
885,"HORVU.MOREX.r2.4HG0341540","32H"
886,"HORVU.MOREX.r2.1HG0016430","32H"
887,"HORVU.MOREX.r2.4HG0322380","32H"
888,"HORVU.MOREX.r2.1HG0003210","32H"
889,"HORVU.MOREX.r2.2HG0155860","32H"
890,"HORVU.MOREX.r2.6HG0486870","32H"
891,"HORVU.MOREX.r2.4HG0342680","32H"
892,"HORVU.MOREX.r2.1HG0008380","32H"
893,"HORVU.MOREX.r2.1HG0019700","32H"
894,"HORVU.MOREX.r2.1HG0033820","32H"
895,"HORVU.MOREX.r2.3HG0252960","32H"
896,"HORVU.MOREX.r2.4HG0325150","32H"
897,"HORVU.MOREX.r2.7HG0537800","32H"
898,"HORVU.MOREX.r2.3HG0242880","32H"
899,"HORVU.MOREX.r2.4HG0278450","32H"
900,"HORVU.MOREX.r2.3HG0262620","32H"
901,"HORVU.MOREX.r2.6HG0469870","32H"
902,"HORVU.MOREX.r2.1HG0077460","32H"
903,"HORVU.MOREX.r2.5HG0445910","32H"
904,"HORVU.MOREX.r2.4HG0294620","32H"
905,"HORVU.MOREX.r2.2HG0163370","32H"
906,"HORVU.MOREX.r2.7HG0556730","32H"
907,"HORVU.MOREX.r2.7HG0534080","32H"
908,"HORVU.MOREX.r2.5HG0426160","32H"
909,"HORVU.MOREX.r2.6HG0521170","32H"
910,"HORVU.MOREX.r2.1HG0066090","32H"
911,"HORVU.MOREX.r2.3HG0207470","32H"
912,"HORVU.MOREX.r2.3HG0209790","32H"
913,"HORVU.MOREX.r2.3HG0250940","32H"
914,"HORVU.MOREX.r2.6HG0513230","32H"
915,"HORVU.MOREX.r2.2HG0092500","32H"
916,"HORVU.MOREX.r2.1HG0000080","32H"
917,"HORVU.MOREX.r2.3HG0244560","32H"
918,"HORVU.MOREX.r2.3HG0244530","32H"
919,"HORVU.MOREX.r2.2HG0092470","32H"
920,"HORVU.MOREX.r2.1HG0045880","32H"
921,"HORVU.MOREX.r2.7HG0598490","32H"
922,"HORVU.MOREX.r2.6HG0514380","32H"
923,"HORVU.MOREX.r2.2HG0092440","32H"
924,"HORVU.MOREX.r2.3HG0202510","32H"
925,"HORVU.MOREX.r2.5HG0382390","32H"
926,"HORVU.MOREX.r2.1HG0051480","32H"
927,"HORVU.MOREX.r2.3HG0243430","32H"
928,"HORVU.MOREX.r2.7HG0614210","32H"
929,"HORVU.MOREX.r2.2HG0082600","32H"
930,"HORVU.MOREX.r2.1HG0023970","32H"
931,"HORVU.MOREX.r2.3HG0234320","32H"
932,"HORVU.MOREX.r2.3HG0267040","32H"
933,"HORVU.MOREX.r2.5HG0425100","32H"
934,"HORVU.MOREX.r2.4HG0280520","32H"
935,"HORVU.MOREX.r2.4HG0292690","32H"
936,"HORVU.MOREX.r2.4HG0315450","32H"
937,"HORVU.MOREX.r2.4HG0328810","32H"
938,"HORVU.MOREX.r2.1HG0020620","32H"
939,"HORVU.MOREX.r2.3HG0254700","32H"
940,"HORVU.MOREX.r2.2HG0111730","32H"
941,"HORVU.MOREX.r2.1HG0001710","32H"
942,"HORVU.MOREX.r2.4HG0291260","32H"
943,"HORVU.MOREX.r2.4HG0342850","32H"
944,"HORVU.MOREX.r2.2HG0129090","32H"
945,"HORVU.MOREX.r2.2HG0167330","32H"
946,"HORVU.MOREX.r2.7HG0583410","32H"
947,"HORVU.MOREX.r2.4HG0344920","32H"
948,"HORVU.MOREX.r2.5HG0364750","32H"
949,"HORVU.MOREX.r2.7HG0623210","32H"
950,"HORVU.MOREX.r2.7HG0574570","32H"
951,"HORVU.MOREX.r2.7HG0561100","32H"
952,"HORVU.MOREX.r2.3HG0233270","32H"
953,"HORVU.MOREX.r2.1HG0065510","32H"
954,"HORVU.MOREX.r2.7HG0611310","32H"
955,"HORVU.MOREX.r2.4HG0320340","32H"
956,"HORVU.MOREX.r2.6HG0494310","32H"
957,"HORVU.MOREX.r2.1HG0064450","32H"
958,"HORVU.MOREX.r2.7HG0566240","32H"
959,"HORVU.MOREX.r2.4HG0315500","32H"
960,"HORVU.MOREX.r2.4HG0277550","32H"
961,"HORVU.MOREX.r2.6HG0454000","32H"
962,"HORVU.MOREX.r2.4HG0335670","32H"
963,"HORVU.MOREX.r2.7HG0532700","32H"
964,"HORVU.MOREX.r2.1HG0012920","32H"
965,"HORVU.MOREX.r2.5HG0392230","32H"
966,"HORVU.MOREX.r2.5HG0392250","32H"
967,"HORVU.MOREX.r2.4HG0327270","32H"
968,"HORVU.MOREX.r2.7HG0549080","32H"
969,"HORVU.MOREX.r2.7HG0549070","32H"
970,"HORVU.MOREX.r2.1HG0074860","32H"
971,"HORVU.MOREX.r2.4HG0279180","32H"
972,"HORVU.MOREX.r2.3HG0196280","32H"
973,"HORVU.MOREX.r2.2HG0180970","32H"
974,"HORVU.MOREX.r2.5HG0360530","32H"
975,"HORVU.MOREX.r2.5HG0404340","32H"
976,"HORVU.MOREX.r2.1HG0053700","32H"
977,"HORVU.MOREX.r2.1HG0053730","32H"
978,"HORVU.MOREX.r2.6HG0480120","32H"
979,"HORVU.MOREX.r2.1HG0071510","32H"
980,"HORVU.MOREX.r2.1HG0037050","32H"
981,"HORVU.MOREX.r2.5HG0441570","32H"
982,"HORVU.MOREX.r2.5HG0398860","32H"
983,"HORVU.MOREX.r2.7HG0602950","32H"
984,"HORVU.MOREX.r2.4HG0279750","32H"
985,"HORVU.MOREX.r2.7HG0542820","32H"
986,"HORVU.MOREX.r2.6HG0475010","32H"
987,"HORVU.MOREX.r2.3HG0260270","32H"
988,"HORVU.MOREX.r2.2HG0083970","32H"
989,"HORVU.MOREX.r2.5HG0382920","32H"
990,"HORVU.MOREX.r2.7HG0615370","32H"
991,"HORVU.MOREX.r2.6HG0501850","32H"
992,"HORVU.MOREX.r2.4HG0321810","32H"
993,"HORVU.MOREX.r2.7HG0584790","32H"
994,"HORVU.MOREX.r2.5HG0440390","32H"
995,"HORVU.MOREX.r2.5HG0439380","32H"
996,"HORVU.MOREX.r2.5HG0406830","32H"
997,"HORVU.MOREX.r2.7HG0609350","32H"
998,"HORVU.MOREX.r2.3HG0199120","32H"
999,"HORVU.MOREX.r2.1HG0048510","32H"
1000,"HORVU.MOREX.r2.1HG0039920","32H"
1001,"HORVU.MOREX.r2.7HG0586740","32H"
1002,"HORVU.MOREX.r2.5HG0413350","32H"
1003,"HORVU.MOREX.r2.3HG0221420","32H"
1004,"HORVU.MOREX.r2.2HG0104840","32H"
1005,"HORVU.MOREX.r2.2HG0170800","32H"
1006,"HORVU.MOREX.r2.3HG0246100","32H"
1007,"HORVU.MOREX.r2.3HG0247040","32H"
1008,"HORVU.MOREX.r2.3HG0254040","32H"
1009,"HORVU.MOREX.r2.6HG0500110","32H"
1010,"HORVU.MOREX.r2.1HG0023100","32H"
1011,"HORVU.MOREX.r2.5HG0414750","32H"
1012,"HORVU.MOREX.r2.3HG0196130","32H"
1013,"HORVU.MOREX.r2.2HG0110810","32H"
1014,"HORVU.MOREX.r2.4HG0343650","32H"
1015,"HORVU.MOREX.r2.2HG0113940","32H"
1016,"HORVU.MOREX.r2.4HG0330800","32H"
1017,"HORVU.MOREX.r2.7HG0607230","32H"
1018,"HORVU.MOREX.r2.4HG0294550","32H"
1019,"HORVU.MOREX.r2.2HG0114780","32H"
1020,"HORVU.MOREX.r2.6HG0471140","32H"
1021,"HORVU.MOREX.r2.2HG0091370","32H"
1022,"HORVU.MOREX.r2.3HG0247910","32H"
1023,"HORVU.MOREX.r2.7HG0604850","32H"
1024,"HORVU.MOREX.r2.5HG0395320","32H"
1025,"HORVU.MOREX.r2.4HG0335290","32H"
1026,"HORVU.MOREX.r2.7HG0558860","32H"
1027,"HORVU.MOREX.r2.7HG0609880","32H"
1028,"HORVU.MOREX.r2.7HG0556720","32H"
1029,"HORVU.MOREX.r2.5HG0402280","32H"
1030,"HORVU.MOREX.r2.6HG0496940","32H"
1031,"HORVU.MOREX.r2.6HG0500500","32H"
1032,"HORVU.MOREX.r2.3HG0254300","32H"
1033,"HORVU.MOREX.r2.3HG0191760","32H"
1034,"HORVU.MOREX.r2.3HG0198350","32H"
1035,"HORVU.MOREX.r2.1HG0061390","32H"
1036,"HORVU.MOREX.r2.6HG0495440","32H"
1037,"HORVU.MOREX.r2.5HG0391600","32H"
1038,"HORVU.MOREX.r2.7HG0528780","32H"
1039,"HORVU.MOREX.r2.5HG0431680","32H"
1040,"HORVU.MOREX.r2.5HG0431670","32H"
1041,"HORVU.MOREX.r2.5HG0431630","32H"
1042,"HORVU.MOREX.r2.5HG0431640","32H"
1043,"HORVU.MOREX.r2.6HG0462500","32H"
1044,"HORVU.MOREX.r2.1HG0039140","32H"
1045,"HORVU.MOREX.r2.5HG0360110","32H"
1046,"HORVU.MOREX.r2.5HG0423400","32H"
1047,"HORVU.MOREX.r2.6HG0504070","32H"
1048,"HORVU.MOREX.r2.5HG0409700","32H"
1049,"HORVU.MOREX.r2.1HG0044990","32H"
1050,"HORVU.MOREX.r2.2HG0135180","32H"
1051,"HORVU.MOREX.r2.2HG0173110","32H"
1052,"HORVU.MOREX.r2.2HG0173100","32H"
1053,"HORVU.MOREX.r2.2HG0113300","32H"
1054,"HORVU.MOREX.r2.6HG0484190","32H"
1055,"HORVU.MOREX.r2.6HG0477390","32H"
1056,"HORVU.MOREX.r2.1HG0066320","32H"
1057,"HORVU.MOREX.r2.6HG0494260","32H"
1058,"HORVU.MOREX.r2.6HG0493950","32H"
1059,"HORVU.MOREX.r2.1HG0076450","32H"
1060,"HORVU.MOREX.r2.2HG0173210","32H"
1061,"HORVU.MOREX.r2.6HG0502750","32H"
1062,"HORVU.MOREX.r2.6HG0502680","32H"
1063,"HORVU.MOREX.r2.1HG0070730","32H"
1064,"HORVU.MOREX.r2.3HG0256960","32H"
1065,"HORVU.MOREX.r2.7HG0559720","32H"
1066,"HORVU.MOREX.r2.4HG0335550","32H"
1067,"HORVU.MOREX.r2.4HG0320280","32H"
1068,"HORVU.MOREX.r2.3HG0272180","32H"
1069,"HORVU.MOREX.r2.3HG0272550","32H"
1070,"HORVU.MOREX.r2.5HG0380250","32H"
1071,"HORVU.MOREX.r2.7HG0611910","32H"
1072,"HORVU.MOREX.r2.2HG0081780","32H"
1073,"HORVU.MOREX.r2.4HG0297860","32H"
1074,"HORVU.MOREX.r2.7HG0554840","32H"
1075,"HORVU.MOREX.r2.3HG0273140","32H"
1076,"HORVU.MOREX.r2.3HG0241170","32H"
1077,"HORVU.MOREX.r2.3HG0241160","32H"
1078,"HORVU.MOREX.r2.3HG0236080","32H"
1079,"HORVU.MOREX.r2.1HG0019110","32H"
1080,"HORVU.MOREX.r2.5HG0414870","32H"
1081,"HORVU.MOREX.r2.1HG0046650","32H"
1082,"HORVU.MOREX.r2.3HG0274980","32H"
1083,"HORVU.MOREX.r2.7HG0553030","32H"
1084,"HORVU.MOREX.r2.4HG0280940","32H"
1085,"HORVU.MOREX.r2.4HG0284240","32H"
1086,"HORVU.MOREX.r2.3HG0233680","32H"
1087,"HORVU.MOREX.r2.5HG0393070","32H"
1088,"HORVU.MOREX.r2.3HG0205890","32H"
1089,"HORVU.MOREX.r2.7HG0531000","32H"
1090,"HORVU.MOREX.r2.2HG0151330","32H"
1091,"HORVU.MOREX.r2.6HG0479930","32H"
1092,"HORVU.MOREX.r2.1HG0041450","32H"
1093,"HORVU.MOREX.r2.1HG0019100","32H"
1094,"HORVU.MOREX.r2.4HG0319570","32H"
1095,"HORVU.MOREX.r2.5HG0438940","32H"
1096,"HORVU.MOREX.r2.6HG0490180","32H"
1097,"HORVU.MOREX.r2.3HG0194060","32H"
1098,"HORVU.MOREX.r2.2HG0147880","32H"
1099,"HORVU.MOREX.r2.2HG0147700","32H"
1100,"HORVU.MOREX.r2.4HG0280050","32H"
1101,"HORVU.MOREX.r2.5HG0441500","32H"
1102,"HORVU.MOREX.r2.6HG0502550","32H"
1103,"HORVU.MOREX.r2.6HG0452760","32H"
1104,"HORVU.MOREX.r2.7HG0610110","32H"
1105,"HORVU.MOREX.r2.6HG0513110","32H"
1106,"HORVU.MOREX.r2.1HG0017390","32H"
1107,"HORVU.MOREX.r2.2HG0104900","32H"
1108,"HORVU.MOREX.r2.6HG0458410","32H"
1109,"HORVU.MOREX.r2.3HG0186560","32H"
1110,"HORVU.MOREX.r2.2HG0091710","32H"
1111,"HORVU.MOREX.r2.5HG0410380","32H"
1112,"HORVU.MOREX.r2.7HG0604570","32H"
1113,"HORVU.MOREX.r2.4HG0295820","32H"
1114,"HORVU.MOREX.r2.5HG0410760","32H"
1115,"HORVU.MOREX.r2.5HG0410690","32H"
1116,"HORVU.MOREX.r2.1HG0036700","32H"
1117,"HORVU.MOREX.r2.3HG0220570","32H"
1118,"HORVU.MOREX.r2.3HG0201670","32H"
1119,"HORVU.MOREX.r2.5HG0352020","32H"
1120,"HORVU.MOREX.r2.5HG0352030","32H"
1121,"HORVU.MOREX.r2.4HG0344720","32H"
1122,"HORVU.MOREX.r2.1HG0022960","32H"
1123,"HORVU.MOREX.r2.7HG0597810","32H"
1124,"HORVU.MOREX.r2.1HG0030890","32H"
1125,"HORVU.MOREX.r2.5HG0415180","32H"
1126,"HORVU.MOREX.r2.6HG0499820","32H"
1127,"HORVU.MOREX.r2.5HG0393300","32H"
1128,"HORVU.MOREX.r2.1HG0023430","32H"
1129,"HORVU.MOREX.r2.6HG0496300","32H"
1130,"HORVU.MOREX.r2.6HG0513710","32H"
1131,"HORVU.MOREX.r2.1HG0071970","32H"
1132,"HORVU.MOREX.r2.3HG0231410","32H"
1133,"HORVU.MOREX.r2.1HG0048100","32H"
1134,"HORVU.MOREX.r2.2HG0096210","32H"
1135,"HORVU.MOREX.r2.5HG0398150","32H"
1136,"HORVU.MOREX.r2.3HG0258670","32H"
1137,"HORVU.MOREX.r2.5HG0426930","32H"
1138,"HORVU.MOREX.r2.5HG0367270","32H"
1139,"HORVU.MOREX.r2.7HG0572000","32H"
1140,"HORVU.MOREX.r2.3HG0250010","32H"
1141,"HORVU.MOREX.r2.2HG0155580","32H"
1142,"HORVU.MOREX.r2.3HG0222280","32H"
1143,"HORVU.MOREX.r2.1HG0043210","32H"
1144,"HORVU.MOREX.r2.5HG0377470","32H"
1145,"HORVU.MOREX.r2.7HG0545590","32H"
1146,"HORVU.MOREX.r2.6HG0517280","32H"
1147,"HORVU.MOREX.r2.2HG0174570","32H"
1148,"HORVU.MOREX.r2.7HG0542080","32H"
1149,"HORVU.MOREX.r2.4HG0279480","32H"
1150,"HORVU.MOREX.r2.3HG0200700","32H"
1151,"HORVU.MOREX.r2.2HG0100050","32H"
1152,"HORVU.MOREX.r2.2HG0134510","32H"
1153,"HORVU.MOREX.r2.2HG0139900","32H"
1154,"HORVU.MOREX.r2.4HG0328610","32H"
1155,"HORVU.MOREX.r2.3HG0229480","32H"
1156,"HORVU.MOREX.r2.2HG0098530","32H"
1157,"HORVU.MOREX.r2.3HG0207090","32H"
1158,"HORVU.MOREX.r2.5HG0442600","32H"
1159,"HORVU.MOREX.r2.7HG0527390","32H"
1160,"HORVU.MOREX.r2.7HG0543790","32H"
1161,"HORVU.MOREX.r2.4HG0349180","32H"
1162,"HORVU.MOREX.r2.4HG0349170","32H"
1163,"HORVU.MOREX.r2.UnG0628310","32H"
1164,"HORVU.MOREX.r2.7HG0607430","32H"
1165,"HORVU.MOREX.r2.7HG0601860","32H"
1166,"HORVU.MOREX.r2.3HG0251930","32H"
1167,"HORVU.MOREX.r2.7HG0596060","32H"
1168,"HORVU.MOREX.r2.5HG0438560","32H"
1169,"HORVU.MOREX.r2.5HG0374210","32H"
1170,"HORVU.MOREX.r2.2HG0142550","32H"
1171,"HORVU.MOREX.r2.2HG0142080","32H"
1172,"HORVU.MOREX.r2.3HG0201090","32H"
1173,"HORVU.MOREX.r2.2HG0102180","32H"
1174,"HORVU.MOREX.r2.4HG0333890","32H"
1175,"HORVU.MOREX.r2.2HG0113860","32H"
1176,"HORVU.MOREX.r2.3HG0206810","32H"
1177,"HORVU.MOREX.r2.6HG0475730","32H"
1178,"HORVU.MOREX.r2.5HG0436080","32H"
1179,"HORVU.MOREX.r2.5HG0391760","32H"
1180,"HORVU.MOREX.r2.7HG0567930","32H"
1181,"HORVU.MOREX.r2.5HG0411360","32H"
1182,"HORVU.MOREX.r2.7HG0541070","32H"
1183,"HORVU.MOREX.r2.3HG0231680","32H"
1184,"HORVU.MOREX.r2.7HG0568550","32H"
1185,"HORVU.MOREX.r2.3HG0206170","32H"
1186,"HORVU.MOREX.r2.2HG0146170","32H"
1187,"HORVU.MOREX.r2.1HG0014200","32H"
1188,"HORVU.MOREX.r2.5HG0385350","32H"
1189,"HORVU.MOREX.r2.6HG0508760","32H"
1190,"HORVU.MOREX.r2.4HG0340370","32H"
1191,"HORVU.MOREX.r2.4HG0318120","32H"
1192,"HORVU.MOREX.r2.4HG0328790","32H"
1193,"HORVU.MOREX.r2.1HG0066370","32H"
1194,"HORVU.MOREX.r2.3HG0192480","32H"
1195,"HORVU.MOREX.r2.2HG0101000","32H"
1196,"HORVU.MOREX.r2.2HG0101040","32H"
1197,"HORVU.MOREX.r2.1HG0003340","32H"
1198,"HORVU.MOREX.r2.1HG0023540","32H"
1199,"HORVU.MOREX.r2.6HG0511650","32H"
1200,"HORVU.MOREX.r2.3HG0257710","32H"
1201,"HORVU.MOREX.r2.3HG0212270","32H"
1202,"HORVU.MOREX.r2.5HG0388550","32H"
1203,"HORVU.MOREX.r2.4HG0346140","32H"
1204,"HORVU.MOREX.r2.3HG0247750","32H"
1205,"HORVU.MOREX.r2.5HG0397220","32H"
1206,"HORVU.MOREX.r2.1HG0059290","32H"
1207,"HORVU.MOREX.r2.4HG0319810","32H"
1208,"HORVU.MOREX.r2.6HG0519320","32H"
1209,"HORVU.MOREX.r2.7HG0598590","32H"
1210,"HORVU.MOREX.r2.5HG0427220","32H"
1211,"HORVU.MOREX.r2.3HG0196390","32H"
1212,"HORVU.MOREX.r2.4HG0345920","32H"
1213,"HORVU.MOREX.r2.3HG0243520","32H"
1214,"HORVU.MOREX.r2.6HG0466830","32H"
1215,"HORVU.MOREX.r2.7HG0592250","32H"
1216,"HORVU.MOREX.r2.7HG0602370","32H"
1217,"HORVU.MOREX.r2.5HG0400860","32H"
1218,"HORVU.MOREX.r2.1HG0050740","32H"
1219,"HORVU.MOREX.r2.1HG0036100","32H"
1220,"HORVU.MOREX.r2.4HG0333190","32H"
1221,"HORVU.MOREX.r2.5HG0393460","32H"
1222,"HORVU.MOREX.r2.7HG0598630","32H"
1223,"HORVU.MOREX.r2.1HG0067490","32H"
1224,"HORVU.MOREX.r2.2HG0133160","32H"
1225,"HORVU.MOREX.r2.3HG0265650","32H"
1226,"HORVU.MOREX.r2.1HG0070320","32H"
1227,"HORVU.MOREX.r2.7HG0558720","32H"
1228,"HORVU.MOREX.r2.5HG0426190","32H"
1229,"HORVU.MOREX.r2.4HG0277890","32H"
1230,"HORVU.MOREX.r2.3HG0247980","32H"
1231,"HORVU.MOREX.r2.7HG0607170","32H"
1232,"HORVU.MOREX.r2.1HG0044330","32H"
1233,"HORVU.MOREX.r2.2HG0102100","32H"
1234,"HORVU.MOREX.r2.1HG0075070","32H"
1235,"HORVU.MOREX.r2.6HG0473830","32H"
1236,"HORVU.MOREX.r2.2HG0103320","32H"
1237,"HORVU.MOREX.r2.2HG0136670","32H"
1238,"HORVU.MOREX.r2.5HG0391750","32H"
1239,"HORVU.MOREX.r2.3HG0259040","32H"
1240,"HORVU.MOREX.r2.2HG0090620","32H"
1241,"HORVU.MOREX.r2.5HG0366520","32H"
1242,"HORVU.MOREX.r2.3HG0251520","32H"
1243,"HORVU.MOREX.r2.7HG0617860","32H"
1244,"HORVU.MOREX.r2.3HG0237260","32H"
1245,"HORVU.MOREX.r2.2HG0108030","32H"
1246,"HORVU.MOREX.r2.2HG0131690","32H"
1247,"HORVU.MOREX.r2.1HG0047070","32H"
1248,"HORVU.MOREX.r2.6HG0515700","32H"
1249,"HORVU.MOREX.r2.7HG0579870","32H"
1250,"HORVU.MOREX.r2.5HG0441070","32H"
1251,"HORVU.MOREX.r2.7HG0582550","32H"
1252,"HORVU.MOREX.r2.5HG0447330","32H"
1253,"HORVU.MOREX.r2.1HG0034980","32H"
1254,"HORVU.MOREX.r2.5HG0444620","32H"
1255,"HORVU.MOREX.r2.7HG0589500","32H"
1256,"HORVU.MOREX.r2.7HG0560380","32H"
1257,"HORVU.MOREX.r2.5HG0352010","32H"
1258,"HORVU.MOREX.r2.6HG0506400","32H"
1259,"HORVU.MOREX.r2.7HG0618210","32H"
1260,"HORVU.MOREX.r2.4HG0327430","32H"
1261,"HORVU.MOREX.r2.3HG0233950","32H"
1262,"HORVU.MOREX.r2.7HG0577620","32H"
1263,"HORVU.MOREX.r2.7HG0538900","32H"
1264,"HORVU.MOREX.r2.3HG0261040","32H"
1265,"HORVU.MOREX.r2.UnG0626650","32H"
1266,"HORVU.MOREX.r2.2HG0094830","32H"
1267,"HORVU.MOREX.r2.3HG0260630","32H"
1268,"HORVU.MOREX.r2.2HG0116600","32H"
1269,"HORVU.MOREX.r2.1HG0052330","32H"
1270,"HORVU.MOREX.r2.2HG0176420","32H"
1271,"HORVU.MOREX.r2.7HG0587860","32H"
1272,"HORVU.MOREX.r2.2HG0160040","32H"
1273,"HORVU.MOREX.r2.1HG0051280","32H"
1274,"HORVU.MOREX.r2.2HG0139700","32H"
1275,"HORVU.MOREX.r2.1HG0020650","32H"
1276,"HORVU.MOREX.r2.1HG0065080","32H"
1277,"HORVU.MOREX.r2.3HG0254340","32H"
1278,"HORVU.MOREX.r2.3HG0254350","32H"
1279,"HORVU.MOREX.r2.2HG0079930","32H"
1280,"HORVU.MOREX.r2.7HG0551480","32H"
1281,"HORVU.MOREX.r2.4HG0283660","32H"
1282,"HORVU.MOREX.r2.5HG0408520","32H"
1283,"HORVU.MOREX.r2.4HG0288400","32H"
1284,"HORVU.MOREX.r2.5HG0402390","32H"
1285,"HORVU.MOREX.r2.3HG0212670","32H"
1286,"HORVU.MOREX.r2.5HG0404770","32H"
1287,"HORVU.MOREX.r2.5HG0370050","32H"
1288,"HORVU.MOREX.r2.3HG0205500","32H"
1289,"HORVU.MOREX.r2.2HG0108460","32H"
1290,"HORVU.MOREX.r2.6HG0520690","32H"
1291,"HORVU.MOREX.r2.6HG0519400","32H"
1292,"HORVU.MOREX.r2.4HG0326690","32H"
1293,"HORVU.MOREX.r2.7HG0566110","32H"
1294,"HORVU.MOREX.r2.1HG0055660","32H"
1295,"HORVU.MOREX.r2.3HG0245850","32H"
1296,"HORVU.MOREX.r2.6HG0511770","32H"
1297,"HORVU.MOREX.r2.2HG0147250","32H"
1298,"HORVU.MOREX.r2.6HG0506500","32H"
1299,"HORVU.MOREX.r2.6HG0477260","32H"
1300,"HORVU.MOREX.r2.1HG0075440","32H"
1301,"HORVU.MOREX.r2.1HG0015080","32H"
1302,"HORVU.MOREX.r2.2HG0105790","32H"
1303,"HORVU.MOREX.r2.5HG0367850","32H"
1304,"HORVU.MOREX.r2.5HG0367920","32H"
1305,"HORVU.MOREX.r2.7HG0602800","32H"
1306,"HORVU.MOREX.r2.2HG0131360","32H"
1307,"HORVU.MOREX.r2.1HG0038110","32H"
1308,"HORVU.MOREX.r2.1HG0002180","32H"
1309,"HORVU.MOREX.r2.4HG0322120","32H"
1310,"HORVU.MOREX.r2.1HG0051860","32H"
1311,"HORVU.MOREX.r2.7HG0596970","32H"
1312,"HORVU.MOREX.r2.2HG0166450","32H"
1313,"HORVU.MOREX.r2.1HG0042350","32H"
1314,"HORVU.MOREX.r2.7HG0537160","32H"
1315,"HORVU.MOREX.r2.7HG0554850","32H"
1316,"HORVU.MOREX.r2.1HG0011090","32H"
1317,"HORVU.MOREX.r2.6HG0511230","32H"
1318,"HORVU.MOREX.r2.1HG0071060","32H"
1319,"HORVU.MOREX.r2.7HG0583800","32H"
1320,"HORVU.MOREX.r2.3HG0191880","32H"
1321,"HORVU.MOREX.r2.3HG0214490","32H"
1322,"HORVU.MOREX.r2.3HG0214280","32H"
1323,"HORVU.MOREX.r2.1HG0019760","32H"
1324,"HORVU.MOREX.r2.2HG0160030","32H"
1325,"HORVU.MOREX.r2.5HG0389750","32H"
1326,"HORVU.MOREX.r2.4HG0325390","32H"
1327,"HORVU.MOREX.r2.6HG0477040","32H"
1328,"HORVU.MOREX.r2.3HG0226490","32H"
1329,"HORVU.MOREX.r2.3HG0220940","32H"
1330,"HORVU.MOREX.r2.1HG0034160","32H"
1331,"HORVU.MOREX.r2.4HG0323740","32H"
1332,"HORVU.MOREX.r2.3HG0245980","32H"
1333,"HORVU.MOREX.r2.3HG0191540","32H"
1334,"HORVU.MOREX.r2.3HG0186570","32H"
1335,"HORVU.MOREX.r2.2HG0079570","32H"
1336,"HORVU.MOREX.r2.6HG0458680","32H"
1337,"HORVU.MOREX.r2.2HG0098650","32H"
1338,"HORVU.MOREX.r2.3HG0216600","32H"
1339,"HORVU.MOREX.r2.1HG0046460","32H"
1340,"HORVU.MOREX.r2.6HG0472520","32H"
1341,"HORVU.MOREX.r2.3HG0220590","32H"
1342,"HORVU.MOREX.r2.2HG0101710","32H"
1343,"HORVU.MOREX.r2.6HG0519290","32H"
1344,"HORVU.MOREX.r2.6HG0471630","32H"
1345,"HORVU.MOREX.r2.2HG0109070","32H"
1346,"HORVU.MOREX.r2.3HG0228420","32H"
1347,"HORVU.MOREX.r2.5HG0377030","32H"
1348,"HORVU.MOREX.r2.7HG0575700","32H"
1349,"HORVU.MOREX.r2.4HG0342100","32H"
1350,"HORVU.MOREX.r2.1HG0053690","32H"
1351,"HORVU.MOREX.r2.3HG0206050","32H"
1352,"HORVU.MOREX.r2.4HG0309820","32H"
1353,"HORVU.MOREX.r2.3HG0192390","32H"
1354,"HORVU.MOREX.r2.4HG0287210","32H"
1355,"HORVU.MOREX.r2.5HG0434250","32H"
1356,"HORVU.MOREX.r2.2HG0123640","32H"
1357,"HORVU.MOREX.r2.3HG0267750","32H"
1358,"HORVU.MOREX.r2.5HG0440740","32H"
1359,"HORVU.MOREX.r2.2HG0177520","32H"
1360,"HORVU.MOREX.r2.5HG0439210","32H"
1361,"HORVU.MOREX.r2.6HG0497230","32H"
1362,"HORVU.MOREX.r2.3HG0213340","32H"
1363,"HORVU.MOREX.r2.4HG0289850","32H"
1364,"HORVU.MOREX.r2.1HG0059750","32H"
1365,"HORVU.MOREX.r2.6HG0520040","32H"
1366,"HORVU.MOREX.r2.2HG0152440","32H"
1367,"HORVU.MOREX.r2.7HG0564870","32H"
1368,"HORVU.MOREX.r2.7HG0562200","32H"
1369,"HORVU.MOREX.r2.5HG0409440","32H"
1370,"HORVU.MOREX.r2.5HG0433200","32H"
1371,"HORVU.MOREX.r2.7HG0535070","32H"
1372,"HORVU.MOREX.r2.7HG0592950","32H"
1373,"HORVU.MOREX.r2.5HG0354210","32H"
1374,"HORVU.MOREX.r2.2HG0153500","32H"
1375,"HORVU.MOREX.r2.1HG0026900","32H"
1376,"HORVU.MOREX.r2.2HG0168420","32H"
1377,"HORVU.MOREX.r2.6HG0489990","32H"
1378,"HORVU.MOREX.r2.5HG0386390","32H"
1379,"HORVU.MOREX.r2.5HG0424190","32H"
1380,"HORVU.MOREX.r2.6HG0514200","32H"
1381,"HORVU.MOREX.r2.6HG0503500","32H"
1382,"HORVU.MOREX.r2.1HG0004810","32H"
1383,"HORVU.MOREX.r2.6HG0488210","32H"
1384,"HORVU.MOREX.r2.UnG0630370","32H"
1385,"HORVU.MOREX.r2.4HG0278230","32H"
1386,"HORVU.MOREX.r2.7HG0592480","32H"
1387,"HORVU.MOREX.r2.6HG0459300","32H"
1388,"HORVU.MOREX.r2.3HG0214390","32H"
1389,"HORVU.MOREX.r2.1HG0076570","32H"
1390,"HORVU.MOREX.r2.5HG0367710","32H"
1391,"HORVU.MOREX.r2.7HG0621710","32H"
1392,"HORVU.MOREX.r2.6HG0504800","32H"
1393,"HORVU.MOREX.r2.5HG0413420","32H"
1394,"HORVU.MOREX.r2.4HG0325400","32H"
1395,"HORVU.MOREX.r2.1HG0042330","32H"
1396,"HORVU.MOREX.r2.1HG0031510","32H"
1397,"HORVU.MOREX.r2.2HG0140860","32H"
1398,"HORVU.MOREX.r2.3HG0217370","32H"
1399,"HORVU.MOREX.r2.5HG0435590","32H"
1400,"HORVU.MOREX.r2.2HG0092990","32H"
1401,"HORVU.MOREX.r2.4HG0323570","32H"
1402,"HORVU.MOREX.r2.4HG0323600","32H"
1403,"HORVU.MOREX.r2.4HG0322390","32H"
1404,"HORVU.MOREX.r2.5HG0385600","32H"
1405,"HORVU.MOREX.r2.6HG0524950","32H"
1406,"HORVU.MOREX.r2.3HG0232520","32H"
1407,"HORVU.MOREX.r2.7HG0607190","32H"
1408,"HORVU.MOREX.r2.4HG0278670","32H"
1409,"HORVU.MOREX.r2.5HG0434440","32H"
1410,"HORVU.MOREX.r2.1HG0063050","32H"
1411,"HORVU.MOREX.r2.4HG0347860","32H"
1412,"HORVU.MOREX.r2.1HG0060440","32H"
1413,"HORVU.MOREX.r2.2HG0143940","32H"
1414,"HORVU.MOREX.r2.3HG0210420","32H"
1415,"HORVU.MOREX.r2.1HG0047000","32H"
1416,"HORVU.MOREX.r2.7HG0559690","32H"
1417,"HORVU.MOREX.r2.5HG0368530","32H"
1418,"HORVU.MOREX.r2.7HG0574220","32H"
1419,"HORVU.MOREX.r2.6HG0505220","32H"
1420,"HORVU.MOREX.r2.2HG0097010","32H"
1421,"HORVU.MOREX.r2.4HG0318960","32H"
1422,"HORVU.MOREX.r2.5HG0419190","32H"
1423,"HORVU.MOREX.r2.5HG0390750","32H"
1424,"HORVU.MOREX.r2.6HG0473120","32H"
1425,"HORVU.MOREX.r2.6HG0506580","32H"
1426,"HORVU.MOREX.r2.4HG0326980","32H"
1427,"HORVU.MOREX.r2.6HG0521040","32H"
1428,"HORVU.MOREX.r2.2HG0142970","32H"
1429,"HORVU.MOREX.r2.5HG0419570","32H"
1430,"HORVU.MOREX.r2.6HG0459760","32H"
1431,"HORVU.MOREX.r2.5HG0439660","32H"
1432,"HORVU.MOREX.r2.3HG0267290","32H"
1433,"HORVU.MOREX.r2.1HG0026810","32H"
1434,"HORVU.MOREX.r2.7HG0597050","32H"
1435,"HORVU.MOREX.r2.2HG0169770","32H"
1436,"HORVU.MOREX.r2.6HG0523080","32H"
1437,"HORVU.MOREX.r2.4HG0288510","32H"
1438,"HORVU.MOREX.r2.4HG0318380","32H"
1439,"HORVU.MOREX.r2.4HG0320920","32H"
1440,"HORVU.MOREX.r2.7HG0596670","32H"
1441,"HORVU.MOREX.r2.1HG0077030","32H"
1442,"HORVU.MOREX.r2.3HG0194740","32H"
1443,"HORVU.MOREX.r2.6HG0473350","32H"
1444,"HORVU.MOREX.r2.5HG0439630","32H"
1445,"HORVU.MOREX.r2.4HG0315210","32H"
1446,"HORVU.MOREX.r2.7HG0588970","32H"
1447,"HORVU.MOREX.r2.5HG0419720","32H"
1448,"HORVU.MOREX.r2.5HG0415590","32H"
1449,"HORVU.MOREX.r2.6HG0475110","32H"
1450,"HORVU.MOREX.r2.4HG0337810","32H"
1451,"HORVU.MOREX.r2.7HG0580400","32H"
1452,"HORVU.MOREX.r2.2HG0126650","32H"
1453,"HORVU.MOREX.r2.2HG0166760","32H"
1454,"HORVU.MOREX.r2.1HG0061210","32H"
1455,"HORVU.MOREX.r2.4HG0335530","32H"
1456,"HORVU.MOREX.r2.2HG0143070","32H"
1457,"HORVU.MOREX.r2.7HG0572250","32H"
1458,"HORVU.MOREX.r2.3HG0235390","32H"
1459,"HORVU.MOREX.r2.7HG0619420","32H"
1460,"HORVU.MOREX.r2.1HG0073410","32H"
1461,"HORVU.MOREX.r2.3HG0196310","32H"
1462,"HORVU.MOREX.r2.3HG0200290","32H"
1463,"HORVU.MOREX.r2.6HG0491740","32H"
1464,"HORVU.MOREX.r2.2HG0177050","32H"
1465,"HORVU.MOREX.r2.2HG0099720","32H"
1466,"HORVU.MOREX.r2.4HG0281070","32H"
1467,"HORVU.MOREX.r2.7HG0597120","32H"
1468,"HORVU.MOREX.r2.3HG0192150","32H"
1469,"HORVU.MOREX.r2.4HG0312490","32H"
1470,"HORVU.MOREX.r2.6HG0510880","32H"
1471,"HORVU.MOREX.r2.1HG0045820","32H"
1472,"HORVU.MOREX.r2.7HG0602630","32H"
1473,"HORVU.MOREX.r2.4HG0315180","32H"
1474,"HORVU.MOREX.r2.4HG0328370","32H"
1475,"HORVU.MOREX.r2.2HG0143700","32H"
1476,"HORVU.MOREX.r2.7HG0560280","32H"
1477,"HORVU.MOREX.r2.1HG0056190","32H"
1478,"HORVU.MOREX.r2.5HG0358170","32H"
1479,"HORVU.MOREX.r2.1HG0040550","32H"
1480,"HORVU.MOREX.r2.5HG0374850","32H"
1481,"HORVU.MOREX.r2.5HG0396070","32H"
1482,"HORVU.MOREX.r2.4HG0331780","32H"
1483,"HORVU.MOREX.r2.2HG0107440","32H"
1484,"HORVU.MOREX.r2.3HG0199680","32H"
1485,"HORVU.MOREX.r2.4HG0334150","32H"
1486,"HORVU.MOREX.r2.3HG0188870","32H"
1487,"HORVU.MOREX.r2.4HG0342490","32H"
1488,"HORVU.MOREX.r2.2HG0142760","32H"
1489,"HORVU.MOREX.r2.3HG0197060","32H"
1490,"HORVU.MOREX.r2.2HG0160590","32H"
1491,"HORVU.MOREX.r2.6HG0457730","32H"
1492,"HORVU.MOREX.r2.5HG0432550","32H"
1493,"HORVU.MOREX.r2.4HG0280240","32H"
1494,"HORVU.MOREX.r2.3HG0260740","32H"
1495,"HORVU.MOREX.r2.1HG0031000","32H"
1496,"HORVU.MOREX.r2.7HG0581610","32H"
1497,"HORVU.MOREX.r2.1HG0039750","32H"
1498,"HORVU.MOREX.r2.6HG0473130","32H"
1499,"HORVU.MOREX.r2.5HG0401500","32H"
1500,"HORVU.MOREX.r2.5HG0381410","32H"
1501,"HORVU.MOREX.r2.1HG0030460","32H"
1502,"HORVU.MOREX.r2.3HG0270810","32H"
1503,"HORVU.MOREX.r2.2HG0139350","32H"
1504,"HORVU.MOREX.r2.3HG0203570","32H"
1505,"HORVU.MOREX.r2.1HG0040480","32H"
1506,"HORVU.MOREX.r2.4HG0339820","32H"
1507,"HORVU.MOREX.r2.6HG0521860","32H"
1508,"HORVU.MOREX.r2.7HG0586800","32H"
1509,"HORVU.MOREX.r2.1HG0068790","32H"
1510,"HORVU.MOREX.r2.2HG0102120","32H"
1511,"HORVU.MOREX.r2.1HG0061200","32H"
1512,"HORVU.MOREX.r2.3HG0221330","32H"
1513,"HORVU.MOREX.r2.2HG0135950","32H"
1514,"HORVU.MOREX.r2.5HG0428240","32H"
1515,"HORVU.MOREX.r2.5HG0407080","32H"
1516,"HORVU.MOREX.r2.6HG0483020","32H"
1517,"HORVU.MOREX.r2.6HG0461030","32H"
1518,"HORVU.MOREX.r2.4HG0318250","32H"
1519,"HORVU.MOREX.r2.3HG0268740","32H"
1520,"HORVU.MOREX.r2.2HG0145770","32H"
1521,"HORVU.MOREX.r2.3HG0228650","32H"
1522,"HORVU.MOREX.r2.5HG0404130","32H"
1523,"HORVU.MOREX.r2.6HG0476710","32H"
1524,"HORVU.MOREX.r2.7HG0573800","32H"
1525,"HORVU.MOREX.r2.7HG0570310","32H"
1526,"HORVU.MOREX.r2.2HG0159750","32H"
1527,"HORVU.MOREX.r2.2HG0104920","32H"
1528,"HORVU.MOREX.r2.1HG0041280","32H"
1529,"HORVU.MOREX.r2.4HG0336720","32H"
1530,"HORVU.MOREX.r2.5HG0380000","32H"
1531,"HORVU.MOREX.r2.1HG0051730","32H"
1532,"HORVU.MOREX.r2.5HG0353140","32H"
1533,"HORVU.MOREX.r2.4HG0317840","32H"
1534,"HORVU.MOREX.r2.4HG0285890","32H"
1535,"HORVU.MOREX.r2.7HG0575160","32H"
1536,"HORVU.MOREX.r2.5HG0390630","32H"
1537,"HORVU.MOREX.r2.1HG0041900","32H"
1538,"HORVU.MOREX.r2.2HG0096470","32H"
1539,"HORVU.MOREX.r2.5HG0359200","32H"
1540,"HORVU.MOREX.r2.1HG0020600","32H"
1541,"HORVU.MOREX.r2.3HG0251490","32H"
1542,"HORVU.MOREX.r2.3HG0240960","32H"
1543,"HORVU.MOREX.r2.3HG0270890","32H"
1544,"HORVU.MOREX.r2.7HG0582020","32H"
1545,"HORVU.MOREX.r2.5HG0396560","32H"
1546,"HORVU.MOREX.r2.4HG0314380","32H"
1547,"HORVU.MOREX.r2.4HG0340780","32H"
1548,"HORVU.MOREX.r2.7HG0562910","32H"
1549,"HORVU.MOREX.r2.1HG0036040","32H"
1550,"HORVU.MOREX.r2.4HG0341190","32H"
1551,"HORVU.MOREX.r2.4HG0330380","32H"
1552,"HORVU.MOREX.r2.5HG0444970","32H"
1553,"HORVU.MOREX.r2.4HG0289900","32H"
1554,"HORVU.MOREX.r2.4HG0336030","32H"
1555,"HORVU.MOREX.r2.6HG0511970","32H"
1556,"HORVU.MOREX.r2.1HG0020320","32H"
1557,"HORVU.MOREX.r2.7HG0617100","32H"
1558,"HORVU.MOREX.r2.1HG0061000","32H"
1559,"HORVU.MOREX.r2.6HG0507860","32H"
1560,"HORVU.MOREX.r2.3HG0253360","32H"
1561,"HORVU.MOREX.r2.2HG0129920","32H"
1562,"HORVU.MOREX.r2.2HG0096620","32H"
1563,"HORVU.MOREX.r2.4HG0293480","32H"
1564,"HORVU.MOREX.r2.4HG0337730","32H"
1565,"HORVU.MOREX.r2.6HG0509890","32H"
1566,"HORVU.MOREX.r2.5HG0407450","32H"
1567,"HORVU.MOREX.r2.6HG0502560","32H"
1568,"HORVU.MOREX.r2.4HG0344930","32H"
1569,"HORVU.MOREX.r2.1HG0067190","32H"
1570,"HORVU.MOREX.r2.3HG0218290","32H"
1571,"HORVU.MOREX.r2.1HG0057210","32H"
1572,"HORVU.MOREX.r2.1HG0012580","32H"
1573,"HORVU.MOREX.r2.3HG0189240","32H"
1574,"HORVU.MOREX.r2.7HG0557640","32H"
1575,"HORVU.MOREX.r2.5HG0413220","32H"
1576,"HORVU.MOREX.r2.2HG0153600","32H"
1577,"HORVU.MOREX.r2.5HG0365830","32H"
1578,"HORVU.MOREX.r2.2HG0145180","32H"
1579,"HORVU.MOREX.r2.5HG0366280","32H"
1580,"HORVU.MOREX.r2.5HG0387610","32H"
1581,"HORVU.MOREX.r2.2HG0112460","32H"
1582,"HORVU.MOREX.r2.4HG0332910","32H"
1583,"HORVU.MOREX.r2.5HG0427700","32H"
1584,"HORVU.MOREX.r2.4HG0320500","32H"
1585,"HORVU.MOREX.r2.6HG0491710","32H"
1586,"HORVU.MOREX.r2.2HG0160400","32H"
1587,"HORVU.MOREX.r2.1HG0077870","32H"
1588,"HORVU.MOREX.r2.2HG0108210","32H"
1589,"HORVU.MOREX.r2.1HG0001020","32H"
1590,"HORVU.MOREX.r2.4HG0327420","32H"
1591,"HORVU.MOREX.r2.4HG0320260","32H"
1592,"HORVU.MOREX.r2.2HG0136320","32H"
1593,"HORVU.MOREX.r2.1HG0051650","32H"
1594,"HORVU.MOREX.r2.4HG0337580","32H"
1595,"HORVU.MOREX.r2.4HG0297490","32H"
1596,"HORVU.MOREX.r2.6HG0492080","32H"
1597,"HORVU.MOREX.r2.4HG0296890","32H"
1598,"HORVU.MOREX.r2.7HG0603620","32H"
1599,"HORVU.MOREX.r2.7HG0556150","32H"
1600,"HORVU.MOREX.r2.5HG0400660","32H"
1601,"HORVU.MOREX.r2.3HG0234720","32H"
1602,"HORVU.MOREX.r2.2HG0106890","32H"
1603,"HORVU.MOREX.r2.4HG0320870","32H"
1604,"HORVU.MOREX.r2.7HG0550290","32H"
1605,"HORVU.MOREX.r2.7HG0580950","32H"
1606,"HORVU.MOREX.r2.6HG0476720","32H"
1607,"HORVU.MOREX.r2.7HG0609850","32H"
1608,"HORVU.MOREX.r2.5HG0361390","32H"
1609,"HORVU.MOREX.r2.6HG0512500","32H"
1610,"HORVU.MOREX.r2.3HG0220340","32H"
1611,"HORVU.MOREX.r2.6HG0489030","32H"
1612,"HORVU.MOREX.r2.2HG0089770","32H"
1613,"HORVU.MOREX.r2.4HG0292220","32H"
1614,"HORVU.MOREX.r2.4HG0335810","32H"
1615,"HORVU.MOREX.r2.2HG0102000","32H"
1616,"HORVU.MOREX.r2.2HG0135750","32H"
1617,"HORVU.MOREX.r2.7HG0617070","32H"
1618,"HORVU.MOREX.r2.3HG0206370","32H"
1619,"HORVU.MOREX.r2.2HG0114300","32H"
1620,"HORVU.MOREX.r2.2HG0114340","32H"
1621,"HORVU.MOREX.r2.1HG0040870","32H"
1622,"HORVU.MOREX.r2.1HG0019680","32H"
1623,"HORVU.MOREX.r2.4HG0298820","32H"
1624,"HORVU.MOREX.r2.5HG0393650","32H"
1625,"HORVU.MOREX.r2.5HG0360080","32H"
1626,"HORVU.MOREX.r2.7HG0547680","32H"
1627,"HORVU.MOREX.r2.3HG0213560","32H"
1628,"HORVU.MOREX.r2.7HG0613140","32H"
1629,"HORVU.MOREX.r2.4HG0338680","32H"
1630,"HORVU.MOREX.r2.7HG0567850","32H"
1631,"HORVU.MOREX.r2.1HG0012520","32H"
1632,"HORVU.MOREX.r2.3HG0214550","32H"
1633,"HORVU.MOREX.r2.2HG0148350","32H"
1634,"HORVU.MOREX.r2.3HG0228970","32H"
1635,"HORVU.MOREX.r2.2HG0136720","32H"
1636,"HORVU.MOREX.r2.5HG0432490","32H"
1637,"HORVU.MOREX.r2.7HG0585590","32H"
1638,"HORVU.MOREX.r2.3HG0242710","32H"
1639,"HORVU.MOREX.r2.5HG0435030","32H"
1640,"HORVU.MOREX.r2.1HG0023650","32H"
1641,"HORVU.MOREX.r2.5HG0349860","32H"
1642,"HORVU.MOREX.r2.5HG0430010","32H"
1643,"HORVU.MOREX.r2.4HG0323710","32H"
1644,"HORVU.MOREX.r2.5HG0396990","32H"
1645,"HORVU.MOREX.r2.6HG0502460","32H"
1646,"HORVU.MOREX.r2.1HG0020640","32H"
1647,"HORVU.MOREX.r2.3HG0242420","32H"
1648,"HORVU.MOREX.r2.2HG0133550","32H"
1649,"HORVU.MOREX.r2.1HG0006620","32H"
1650,"HORVU.MOREX.r2.7HG0548450","32H"
1651,"HORVU.MOREX.r2.1HG0040640","32H"
1652,"HORVU.MOREX.r2.1HG0071160","32H"
1653,"HORVU.MOREX.r2.5HG0443290","32H"
1654,"HORVU.MOREX.r2.1HG0004070","32H"
1655,"HORVU.MOREX.r2.2HG0104420","32H"
1656,"HORVU.MOREX.r2.4HG0329220","32H"
1657,"HORVU.MOREX.r2.2HG0130510","32H"
1658,"HORVU.MOREX.r2.7HG0570420","32H"
1659,"HORVU.MOREX.r2.3HG0221240","32H"
1660,"HORVU.MOREX.r2.1HG0073100","32H"
1661,"HORVU.MOREX.r2.2HG0107970","32H"
1662,"HORVU.MOREX.r2.4HG0289350","32H"
1663,"HORVU.MOREX.r2.1HG0019150","32H"
1664,"HORVU.MOREX.r2.2HG0164630","32H"
1665,"HORVU.MOREX.r2.1HG0019270","32H"
1666,"HORVU.MOREX.r2.6HG0459080","32H"
1667,"HORVU.MOREX.r2.5HG0349350","32H"
1668,"HORVU.MOREX.r2.6HG0450200","32H"
1669,"HORVU.MOREX.r2.4HG0289340","32H"
1670,"HORVU.MOREX.r2.4HG0284650","32H"
1671,"HORVU.MOREX.r2.2HG0096310","32H"
1672,"HORVU.MOREX.r2.1HG0038720","32H"
1673,"HORVU.MOREX.r2.2HG0173650","32H"
1674,"HORVU.MOREX.r2.2HG0146420","32H"
1675,"HORVU.MOREX.r2.2HG0119140","32H"
1676,"HORVU.MOREX.r2.7HG0571730","32H"
1677,"HORVU.MOREX.r2.7HG0582010","32H"
1678,"HORVU.MOREX.r2.2HG0125000","32H"
1679,"HORVU.MOREX.r2.5HG0363690","32H"
1680,"HORVU.MOREX.r2.5HG0423360","32H"
1681,"HORVU.MOREX.r2.4HG0347110","32H"
1682,"HORVU.MOREX.r2.6HG0474030","32H"
1683,"HORVU.MOREX.r2.6HG0485800","32H"
1684,"HORVU.MOREX.r2.1HG0023270","32H"
1685,"HORVU.MOREX.r2.3HG0237450","32H"
1686,"HORVU.MOREX.r2.5HG0382400","32H"
1687,"HORVU.MOREX.r2.4HG0306970","32H"
1688,"HORVU.MOREX.r2.7HG0568530","32H"
1689,"HORVU.MOREX.r2.2HG0167340","32H"
1690,"HORVU.MOREX.r2.3HG0246670","32H"
1691,"HORVU.MOREX.r2.5HG0399100","32H"
1692,"HORVU.MOREX.r2.3HG0273290","32H"
1693,"HORVU.MOREX.r2.4HG0291490","32H"
1694,"HORVU.MOREX.r2.7HG0553260","32H"
1695,"HORVU.MOREX.r2.4HG0339400","32H"
1696,"HORVU.MOREX.r2.3HG0255380","32H"
1697,"HORVU.MOREX.r2.5HG0422530","32H"
1698,"HORVU.MOREX.r2.3HG0221610","32H"
1699,"HORVU.MOREX.r2.3HG0209060","32H"
1700,"HORVU.MOREX.r2.1HG0060710","32H"
1701,"HORVU.MOREX.r2.3HG0257390","32H"
1702,"HORVU.MOREX.r2.1HG0075470","32H"
1703,"HORVU.MOREX.r2.7HG0565560","32H"
1704,"HORVU.MOREX.r2.7HG0619080","32H"
1705,"HORVU.MOREX.r2.1HG0053440","32H"
1706,"HORVU.MOREX.r2.4HG0297010","32H"
1707,"HORVU.MOREX.r2.1HG0025620","32H"
1708,"HORVU.MOREX.r2.4HG0322020","32H"
1709,"HORVU.MOREX.r2.4HG0286450","32H"
1710,"HORVU.MOREX.r2.7HG0620300","32H"
1711,"HORVU.MOREX.r2.1HG0045890","32H"
1712,"HORVU.MOREX.r2.4HG0284770","32H"
1713,"HORVU.MOREX.r2.6HG0493720","32H"
1714,"HORVU.MOREX.r2.5HG0404190","32H"
1715,"HORVU.MOREX.r2.5HG0436190","32H"
1716,"HORVU.MOREX.r2.2HG0167910","32H"
1717,"HORVU.MOREX.r2.3HG0241990","32H"
1718,"HORVU.MOREX.r2.4HG0299430","32H"
1719,"HORVU.MOREX.r2.1HG0056380","32H"
1720,"HORVU.MOREX.r2.1HG0057620","32H"
1721,"HORVU.MOREX.r2.5HG0355960","32H"
1722,"HORVU.MOREX.r2.1HG0034210","32H"
1723,"HORVU.MOREX.r2.3HG0269660","32H"
1724,"HORVU.MOREX.r2.2HG0114920","32H"
1725,"HORVU.MOREX.r2.5HG0399280","32H"
1726,"HORVU.MOREX.r2.6HG0515140","32H"
1727,"HORVU.MOREX.r2.4HG0312430","32H"
1728,"HORVU.MOREX.r2.4HG0321980","32H"
1729,"HORVU.MOREX.r2.4HG0277720","32H"
1730,"HORVU.MOREX.r2.6HG0455640","32H"
1731,"HORVU.MOREX.r2.2HG0148000","32H"
1732,"HORVU.MOREX.r2.5HG0413900","32H"
1733,"HORVU.MOREX.r2.3HG0201510","32H"
1734,"HORVU.MOREX.r2.3HG0216150","32H"
1735,"HORVU.MOREX.r2.7HG0544550","32H"
1736,"HORVU.MOREX.r2.3HG0204680","32H"
1737,"HORVU.MOREX.r2.6HG0464080","32H"
1738,"HORVU.MOREX.r2.5HG0407280","32H"
1739,"HORVU.MOREX.r2.3HG0202180","32H"
1740,"HORVU.MOREX.r2.3HG0249370","32H"
1741,"HORVU.MOREX.r2.2HG0110160","32H"
1742,"HORVU.MOREX.r2.5HG0381820","32H"
1743,"HORVU.MOREX.r2.6HG0487450","32H"
1744,"HORVU.MOREX.r2.4HG0341700","32H"
1745,"HORVU.MOREX.r2.5HG0397570","32H"
1746,"HORVU.MOREX.r2.4HG0324130","32H"
1747,"HORVU.MOREX.r2.7HG0617450","32H"
1748,"HORVU.MOREX.r2.2HG0117550","32H"
1749,"HORVU.MOREX.r2.6HG0500890","32H"
1750,"HORVU.MOREX.r2.3HG0253440","32H"
1751,"HORVU.MOREX.r2.6HG0479680","32H"
1752,"HORVU.MOREX.r2.3HG0259640","32H"
1753,"HORVU.MOREX.r2.1HG0064470","32H"
1754,"HORVU.MOREX.r2.5HG0444510","32H"
1755,"HORVU.MOREX.r2.6HG0510030","32H"
1756,"HORVU.MOREX.r2.4HG0280540","32H"
1757,"HORVU.MOREX.r2.3HG0237920","32H"
1758,"HORVU.MOREX.r2.6HG0511270","32H"
1759,"HORVU.MOREX.r2.1HG0050960","32H"
1760,"HORVU.MOREX.r2.6HG0523990","32H"
1761,"HORVU.MOREX.r2.1HG0034700","32H"
1762,"HORVU.MOREX.r2.2HG0130730","32H"
1763,"HORVU.MOREX.r2.3HG0216490","32H"
1764,"HORVU.MOREX.r2.6HG0474680","32H"
1765,"HORVU.MOREX.r2.6HG0502710","32H"
1766,"HORVU.MOREX.r2.4HG0329510","32H"
1767,"HORVU.MOREX.r2.3HG0235250","32H"
1768,"HORVU.MOREX.r2.5HG0426980","32H"
1769,"HORVU.MOREX.r2.7HG0564990","32H"
1770,"HORVU.MOREX.r2.7HG0589230","32H"
1771,"HORVU.MOREX.r2.5HG0378470","32H"
1772,"HORVU.MOREX.r2.4HG0287460","32H"
1773,"HORVU.MOREX.r2.5HG0408850","32H"
1774,"HORVU.MOREX.r2.3HG0224440","32H"
1775,"HORVU.MOREX.r2.3HG0251160","32H"
1776,"HORVU.MOREX.r2.3HG0256340","32H"
1777,"HORVU.MOREX.r2.6HG0481430","32H"
1778,"HORVU.MOREX.r2.1HG0043590","32H"
1779,"HORVU.MOREX.r2.6HG0520780","32H"
1780,"HORVU.MOREX.r2.7HG0587930","32H"
1781,"HORVU.MOREX.r2.6HG0505640","32H"
1782,"HORVU.MOREX.r2.2HG0148160","32H"
1783,"HORVU.MOREX.r2.2HG0143550","32H"
1784,"HORVU.MOREX.r2.5HG0444070","32H"
1785,"HORVU.MOREX.r2.3HG0270820","32H"
1786,"HORVU.MOREX.r2.3HG0256850","32H"
1787,"HORVU.MOREX.r2.5HG0385630","32H"
1788,"HORVU.MOREX.r2.3HG0251970","32H"
1789,"HORVU.MOREX.r2.1HG0033270","32H"
1790,"HORVU.MOREX.r2.2HG0147940","32H"
1791,"HORVU.MOREX.r2.5HG0424820","32H"
1792,"HORVU.MOREX.r2.4HG0338920","32H"
1793,"HORVU.MOREX.r2.7HG0554060","32H"
1794,"HORVU.MOREX.r2.7HG0542800","32H"
1795,"HORVU.MOREX.r2.7HG0590930","32H"
1796,"HORVU.MOREX.r2.5HG0363280","32H"
1797,"HORVU.MOREX.r2.1HG0039130","32H"
1798,"HORVU.MOREX.r2.4HG0279020","32H"
1799,"HORVU.MOREX.r2.5HG0428870","32H"
1800,"HORVU.MOREX.r2.5HG0411080","32H"
1801,"HORVU.MOREX.r2.4HG0311790","32H"
1802,"HORVU.MOREX.r2.5HG0389410","32H"
1803,"HORVU.MOREX.r2.7HG0592460","32H"
1804,"HORVU.MOREX.r2.3HG0240100","32H"
1805,"HORVU.MOREX.r2.3HG0211020","32H"
1806,"HORVU.MOREX.r2.4HG0279830","32H"
1807,"HORVU.MOREX.r2.5HG0369790","32H"
1808,"HORVU.MOREX.r2.4HG0312900","32H"
1809,"HORVU.MOREX.r2.6HG0499400","32H"
1810,"HORVU.MOREX.r2.6HG0517520","32H"
1811,"HORVU.MOREX.r2.4HG0289410","32H"
1812,"HORVU.MOREX.r2.5HG0358520","32H"
1813,"HORVU.MOREX.r2.7HG0568370","32H"
1814,"HORVU.MOREX.r2.1HG0008950","32H"
1815,"HORVU.MOREX.r2.5HG0396660","32H"
1816,"HORVU.MOREX.r2.2HG0091540","32H"
1817,"HORVU.MOREX.r2.4HG0315510","32H"
1818,"HORVU.MOREX.r2.5HG0387900","32H"
1819,"HORVU.MOREX.r2.7HG0572570","32H"
1820,"HORVU.MOREX.r2.1HG0033160","32H"
1821,"HORVU.MOREX.r2.4HG0336480","32H"
1822,"HORVU.MOREX.r2.3HG0256740","32H"
1823,"HORVU.MOREX.r2.1HG0000450","32H"
1824,"HORVU.MOREX.r2.2HG0175470","32H"
1825,"HORVU.MOREX.r2.3HG0186000","32H"
1826,"HORVU.MOREX.r2.4HG0276100","32H"
1827,"HORVU.MOREX.r2.7HG0564200","32H"
1828,"HORVU.MOREX.r2.2HG0092740","32H"
1829,"HORVU.MOREX.r2.1HG0075830","32H"
1830,"HORVU.MOREX.r2.2HG0163690","32H"
1831,"HORVU.MOREX.r2.3HG0205420","32H"
1832,"HORVU.MOREX.r2.4HG0307030","32H"
1833,"HORVU.MOREX.r2.1HG0073630","32H"
1834,"HORVU.MOREX.r2.7HG0548840","32H"
1835,"HORVU.MOREX.r2.2HG0155160","32H"
1836,"HORVU.MOREX.r2.2HG0100580","32H"
1837,"HORVU.MOREX.r2.1HG0043060","32H"
1838,"HORVU.MOREX.r2.4HG0294250","32H"
1839,"HORVU.MOREX.r2.5HG0432000","32H"
1840,"HORVU.MOREX.r2.6HG0490690","32H"
1841,"HORVU.MOREX.r2.7HG0561880","32H"
1842,"HORVU.MOREX.r2.5HG0401240","32H"
1843,"HORVU.MOREX.r2.3HG0190840","32H"
1844,"HORVU.MOREX.r2.5HG0413090","32H"
1845,"HORVU.MOREX.r2.1HG0036440","32H"
1846,"HORVU.MOREX.r2.7HG0555870","32H"
1847,"HORVU.MOREX.r2.6HG0489010","32H"
1848,"HORVU.MOREX.r2.6HG0497190","32H"
1849,"HORVU.MOREX.r2.6HG0465770","32H"
1850,"HORVU.MOREX.r2.4HG0321540","32H"
1851,"HORVU.MOREX.r2.7HG0534430","32H"
1852,"HORVU.MOREX.r2.7HG0612910","32H"
1853,"HORVU.MOREX.r2.5HG0383720","32H"
1854,"HORVU.MOREX.r2.1HG0028200","32H"
1855,"HORVU.MOREX.r2.7HG0595210","32H"
1856,"HORVU.MOREX.r2.3HG0221300","32H"
1857,"HORVU.MOREX.r2.7HG0559680","32H"
1858,"HORVU.MOREX.r2.6HG0510320","32H"
1859,"HORVU.MOREX.r2.2HG0124290","32H"
1860,"HORVU.MOREX.r2.1HG0019450","32H"
1861,"HORVU.MOREX.r2.2HG0140530","32H"
1862,"HORVU.MOREX.r2.6HG0462220","32H"
1863,"HORVU.MOREX.r2.5HG0384530","32H"
1864,"HORVU.MOREX.r2.2HG0113880","32H"
1865,"HORVU.MOREX.r2.5HG0390370","32H"
1866,"HORVU.MOREX.r2.7HG0539660","32H"
1867,"HORVU.MOREX.r2.2HG0103090","32H"
1868,"HORVU.MOREX.r2.5HG0445890","32H"
1869,"HORVU.MOREX.r2.5HG0441670","32H"
1870,"HORVU.MOREX.r2.4HG0289200","32H"
1871,"HORVU.MOREX.r2.5HG0398910","32H"
1872,"HORVU.MOREX.r2.1HG0037760","32H"
1873,"HORVU.MOREX.r2.2HG0135340","32H"
1874,"HORVU.MOREX.r2.7HG0612050","32H"
1875,"HORVU.MOREX.r2.1HG0049060","32H"
1876,"HORVU.MOREX.r2.4HG0335890","32H"
1877,"HORVU.MOREX.r2.5HG0401000","32H"
1878,"HORVU.MOREX.r2.4HG0315130","32H"
1879,"HORVU.MOREX.r2.3HG0224510","32H"
1880,"HORVU.MOREX.r2.5HG0396420","32H"
1881,"HORVU.MOREX.r2.1HG0055760","32H"
1882,"HORVU.MOREX.r2.5HG0447050","32H"
1883,"HORVU.MOREX.r2.3HG0250730","32H"
1884,"HORVU.MOREX.r2.6HG0490950","32H"
1885,"HORVU.MOREX.r2.7HG0567260","32H"
1886,"HORVU.MOREX.r2.5HG0445110","32H"
1887,"HORVU.MOREX.r2.5HG0445120","32H"
1888,"HORVU.MOREX.r2.3HG0215170","32H"
1889,"HORVU.MOREX.r2.5HG0443410","32H"
1890,"HORVU.MOREX.r2.3HG0242030","32H"
1891,"HORVU.MOREX.r2.7HG0566810","32H"
1892,"HORVU.MOREX.r2.7HG0554270","32H"
1893,"HORVU.MOREX.r2.3HG0207340","32H"
1894,"HORVU.MOREX.r2.4HG0296570","32H"
1895,"HORVU.MOREX.r2.7HG0535440","32H"
1896,"HORVU.MOREX.r2.5HG0414000","32H"
1897,"HORVU.MOREX.r2.3HG0213070","32H"
1898,"HORVU.MOREX.r2.2HG0143010","32H"
1899,"HORVU.MOREX.r2.6HG0497340","32H"
1900,"HORVU.MOREX.r2.2HG0102880","32H"
1901,"HORVU.MOREX.r2.5HG0430170","32H"
1902,"HORVU.MOREX.r2.7HG0552530","32H"
1903,"HORVU.MOREX.r2.4HG0286110","32H"
1904,"HORVU.MOREX.r2.4HG0321030","32H"
1905,"HORVU.MOREX.r2.4HG0331930","32H"
1906,"HORVU.MOREX.r2.5HG0439470","32H"
1907,"HORVU.MOREX.r2.1HG0030950","32H"
1908,"HORVU.MOREX.r2.5HG0445880","32H"
1909,"HORVU.MOREX.r2.3HG0271590","32H"
1910,"HORVU.MOREX.r2.4HG0295460","32H"
1911,"HORVU.MOREX.r2.3HG0212160","32H"
1912,"HORVU.MOREX.r2.5HG0431320","32H"
1913,"HORVU.MOREX.r2.3HG0198600","32H"
1914,"HORVU.MOREX.r2.4HG0346920","32H"
1915,"HORVU.MOREX.r2.7HG0571620","32H"
1916,"HORVU.MOREX.r2.6HG0501520","32H"
1917,"HORVU.MOREX.r2.5HG0383520","32H"
1918,"HORVU.MOREX.r2.4HG0281710","32H"
1919,"HORVU.MOREX.r2.7HG0584640","32H"
1920,"HORVU.MOREX.r2.1HG0015100","32H"
1921,"HORVU.MOREX.r2.2HG0158090","32H"
1922,"HORVU.MOREX.r2.7HG0599060","32H"
1923,"HORVU.MOREX.r2.6HG0497270","32H"
1924,"HORVU.MOREX.r2.7HG0568980","32H"
1925,"HORVU.MOREX.r2.4HG0333580","32H"
1926,"HORVU.MOREX.r2.1HG0037040","32H"
1927,"HORVU.MOREX.r2.6HG0491960","32H"
1928,"HORVU.MOREX.r2.7HG0600140","32H"
1929,"HORVU.MOREX.r2.4HG0329640","32H"
1930,"HORVU.MOREX.r2.1HG0039290","32H"
1931,"HORVU.MOREX.r2.2HG0143150","32H"
1932,"HORVU.MOREX.r2.3HG0250500","32H"
1933,"HORVU.MOREX.r2.5HG0438210","32H"
1934,"HORVU.MOREX.r2.1HG0002840","32H"
1935,"HORVU.MOREX.r2.4HG0325920","32H"
1936,"HORVU.MOREX.r2.4HG0335030","32H"
1937,"HORVU.MOREX.r2.7HG0570720","32H"
1938,"HORVU.MOREX.r2.5HG0398360","32H"
1939,"HORVU.MOREX.r2.7HG0602420","32H"
1940,"HORVU.MOREX.r2.6HG0461740","32H"
1941,"HORVU.MOREX.r2.2HG0145240","32H"
1942,"HORVU.MOREX.r2.1HG0034800","32H"
1943,"HORVU.MOREX.r2.5HG0424550","32H"
1944,"HORVU.MOREX.r2.3HG0198590","32H"
1945,"HORVU.MOREX.r2.6HG0448980","32H"
1946,"HORVU.MOREX.r2.7HG0601460","32H"
1947,"HORVU.MOREX.r2.1HG0037400","32H"
1948,"HORVU.MOREX.r2.7HG0617880","32H"
1949,"HORVU.MOREX.r2.5HG0350030","32H"
1950,"HORVU.MOREX.r2.7HG0613410","32H"
1951,"HORVU.MOREX.r2.7HG0597770","32H"
1952,"HORVU.MOREX.r2.2HG0109750","32H"
1953,"HORVU.MOREX.r2.1HG0068360","32H"
1954,"HORVU.MOREX.r2.2HG0164770","32H"
1955,"HORVU.MOREX.r2.6HG0510170","32H"
1956,"HORVU.MOREX.r2.3HG0204480","32H"
1957,"HORVU.MOREX.r2.1HG0035920","32H"
1958,"HORVU.MOREX.r2.5HG0428620","32H"
1959,"HORVU.MOREX.r2.5HG0424570","32H"
1960,"HORVU.MOREX.r2.3HG0218160","32H"
1961,"HORVU.MOREX.r2.3HG0255370","32H"
1962,"HORVU.MOREX.r2.3HG0215440","32H"
1963,"HORVU.MOREX.r2.2HG0143320","32H"
1964,"HORVU.MOREX.r2.5HG0423810","32H"
1965,"HORVU.MOREX.r2.1HG0040630","32H"
1966,"HORVU.MOREX.r2.7HG0597670","32H"
1967,"HORVU.MOREX.r2.2HG0167090","32H"
1968,"HORVU.MOREX.r2.2HG0136730","32H"
1969,"HORVU.MOREX.r2.6HG0489240","32H"
1970,"HORVU.MOREX.r2.2HG0148230","32H"
1971,"HORVU.MOREX.r2.5HG0415920","32H"
1972,"HORVU.MOREX.r2.4HG0332570","32H"
1973,"HORVU.MOREX.r2.5HG0419600","32H"
1974,"HORVU.MOREX.r2.6HG0462000","32H"
1975,"HORVU.MOREX.r2.3HG0188990","32H"
1976,"HORVU.MOREX.r2.7HG0583210","32H"
1977,"HORVU.MOREX.r2.5HG0401430","32H"
1978,"HORVU.MOREX.r2.6HG0508100","32H"
1979,"HORVU.MOREX.r2.2HG0167130","32H"
1980,"HORVU.MOREX.r2.2HG0171020","32H"
1981,"HORVU.MOREX.r2.2HG0154380","32H"
1982,"HORVU.MOREX.r2.1HG0056980","32H"
1983,"HORVU.MOREX.r2.4HG0345310","32H"
1984,"HORVU.MOREX.r2.4HG0286590","32H"
1985,"HORVU.MOREX.r2.7HG0585740","32H"
1986,"HORVU.MOREX.r2.1HG0027480","32H"
1987,"HORVU.MOREX.r2.3HG0242540","32H"
1988,"HORVU.MOREX.r2.1HG0058760","32H"
1989,"HORVU.MOREX.r2.4HG0339270","32H"
1990,"HORVU.MOREX.r2.2HG0110930","32H"
1991,"HORVU.MOREX.r2.6HG0526860","32H"
1992,"HORVU.MOREX.r2.3HG0245440","32H"
1993,"HORVU.MOREX.r2.2HG0126490","32H"
1994,"HORVU.MOREX.r2.3HG0213080","32H"
1995,"HORVU.MOREX.r2.6HG0476600","32H"
1996,"HORVU.MOREX.r2.4HG0347410","32H"
1997,"HORVU.MOREX.r2.1HG0039600","32H"
1998,"HORVU.MOREX.r2.5HG0422780","32H"
1999,"HORVU.MOREX.r2.3HG0199170","32H"
2000,"HORVU.MOREX.r2.7HG0617940","32H"
2001,"HORVU.MOREX.r2.4HG0315350","32H"
2002,"HORVU.MOREX.r2.2HG0137370","32H"
2003,"HORVU.MOREX.r2.2HG0163880","32H"
2004,"HORVU.MOREX.r2.1HG0072390","32H"
2005,"HORVU.MOREX.r2.6HG0499610","32H"
2006,"HORVU.MOREX.r2.5HG0410950","32H"
2007,"HORVU.MOREX.r2.2HG0135820","32H"
2008,"HORVU.MOREX.r2.7HG0590460","32H"
2009,"HORVU.MOREX.r2.2HG0113930","32H"
2010,"HORVU.MOREX.r2.1HG0013210","32H"
2011,"HORVU.MOREX.r2.2HG0084490","32H"
2012,"HORVU.MOREX.r2.2HG0081770","32H"
2013,"HORVU.MOREX.r2.4HG0283440","32H"
2014,"HORVU.MOREX.r2.5HG0380660","32H"
2015,"HORVU.MOREX.r2.5HG0394330","32H"
2016,"HORVU.MOREX.r2.5HG0429050","32H"
2017,"HORVU.MOREX.r2.4HG0279810","32H"
2018,"HORVU.MOREX.r2.4HG0328620","32H"
2019,"HORVU.MOREX.r2.4HG0327010","32H"
2020,"HORVU.MOREX.r2.6HG0514000","32H"
2021,"HORVU.MOREX.r2.1HG0070190","32H"
2022,"HORVU.MOREX.r2.1HG0059530","32H"
2023,"HORVU.MOREX.r2.5HG0423850","32H"
2024,"HORVU.MOREX.r2.6HG0474930","32H"
2025,"HORVU.MOREX.r2.6HG0507640","32H"
2026,"HORVU.MOREX.r2.3HG0252760","32H"
2027,"HORVU.MOREX.r2.6HG0517460","32H"
2028,"HORVU.MOREX.r2.5HG0352300","32H"
2029,"HORVU.MOREX.r2.4HG0291420","32H"
2030,"HORVU.MOREX.r2.7HG0597220","32H"
2031,"HORVU.MOREX.r2.1HG0023120","32H"
2032,"HORVU.MOREX.r2.3HG0275640","32H"
2033,"HORVU.MOREX.r2.3HG0253490","32H"
2034,"HORVU.MOREX.r2.2HG0154720","32H"
2035,"HORVU.MOREX.r2.6HG0505120","32H"
2036,"HORVU.MOREX.r2.1HG0053620","32H"
2037,"HORVU.MOREX.r2.1HG0053260","32H"
2038,"HORVU.MOREX.r2.7HG0562220","32H"
2039,"HORVU.MOREX.r2.3HG0274660","32H"
2040,"HORVU.MOREX.r2.1HG0006400","32H"
2041,"HORVU.MOREX.r2.4HG0289480","32H"
2042,"HORVU.MOREX.r2.1HG0076100","32H"
2043,"HORVU.MOREX.r2.7HG0601050","32H"
2044,"HORVU.MOREX.r2.5HG0414490","32H"
2045,"HORVU.MOREX.r2.1HG0076470","32H"
2046,"HORVU.MOREX.r2.4HG0337190","32H"
2047,"HORVU.MOREX.r2.5HG0382910","32H"
2048,"HORVU.MOREX.r2.3HG0261550","32H"
2049,"HORVU.MOREX.r2.3HG0252710","32H"
2050,"HORVU.MOREX.r2.3HG0194800","32H"
2051,"HORVU.MOREX.r2.6HG0472480","32H"
2052,"HORVU.MOREX.r2.5HG0412980","32H"
2053,"HORVU.MOREX.r2.1HG0029020","32H"
2054,"HORVU.MOREX.r2.7HG0587120","32H"
2055,"HORVU.MOREX.r2.4HG0317590","32H"
2056,"HORVU.MOREX.r2.4HG0280040","32H"
2057,"HORVU.MOREX.r2.3HG0194250","32H"
2058,"HORVU.MOREX.r2.7HG0552030","32H"
2059,"HORVU.MOREX.r2.6HG0496910","32H"
2060,"HORVU.MOREX.r2.5HG0381170","32H"
2061,"HORVU.MOREX.r2.3HG0238770","32H"
2062,"HORVU.MOREX.r2.4HG0337290","32H"
2063,"HORVU.MOREX.r2.4HG0318110","32H"
2064,"HORVU.MOREX.r2.7HG0535390","32H"
2065,"HORVU.MOREX.r2.1HG0051320","32H"
2066,"HORVU.MOREX.r2.3HG0211660","32H"
2067,"HORVU.MOREX.r2.2HG0151930","32H"
2068,"HORVU.MOREX.r2.2HG0088280","32H"
2069,"HORVU.MOREX.r2.3HG0262730","32H"
2070,"HORVU.MOREX.r2.3HG0201250","32H"
2071,"HORVU.MOREX.r2.1HG0020680","32H"
2072,"HORVU.MOREX.r2.1HG0039540","32H"
2073,"HORVU.MOREX.r2.7HG0589160","32H"
2074,"HORVU.MOREX.r2.7HG0541930","32H"
2075,"HORVU.MOREX.r2.1HG0055720","32H"
2076,"HORVU.MOREX.r2.7HG0558000","32H"
2077,"HORVU.MOREX.r2.7HG0552260","32H"
2078,"HORVU.MOREX.r2.4HG0330750","32H"
2079,"HORVU.MOREX.r2.3HG0260490","32H"
2080,"HORVU.MOREX.r2.3HG0193860","32H"
2081,"HORVU.MOREX.r2.5HG0358200","32H"
2082,"HORVU.MOREX.r2.5HG0404820","32H"
2083,"HORVU.MOREX.r2.3HG0253700","32H"
2084,"HORVU.MOREX.r2.6HG0475470","32H"
2085,"HORVU.MOREX.r2.2HG0094720","32H"
2086,"HORVU.MOREX.r2.2HG0136680","32H"
2087,"HORVU.MOREX.r2.1HG0051330","32H"
2088,"HORVU.MOREX.r2.5HG0414030","32H"
2089,"HORVU.MOREX.r2.1HG0074180","32H"
2090,"HORVU.MOREX.r2.3HG0195650","32H"
2091,"HORVU.MOREX.r2.7HG0538290","32H"
2092,"HORVU.MOREX.r2.6HG0490340","32H"
2093,"HORVU.MOREX.r2.5HG0381530","32H"
2094,"HORVU.MOREX.r2.7HG0619870","32H"
2095,"HORVU.MOREX.r2.4HG0333850","32H"
2096,"HORVU.MOREX.r2.UnG0626130","32H"
2097,"HORVU.MOREX.r2.2HG0119460","32H"
2098,"HORVU.MOREX.r2.5HG0445920","32H"
2099,"HORVU.MOREX.r2.2HG0131460","32H"
2100,"HORVU.MOREX.r2.7HG0545680","32H"
2101,"HORVU.MOREX.r2.7HG0573360","32H"
2102,"HORVU.MOREX.r2.5HG0403940","32H"
2103,"HORVU.MOREX.r2.6HG0458690","32H"
2104,"HORVU.MOREX.r2.3HG0191640","32H"
2105,"HORVU.MOREX.r2.1HG0051220","32H"
2106,"HORVU.MOREX.r2.6HG0498680","32H"
2107,"HORVU.MOREX.r2.1HG0052170","32H"
2108,"HORVU.MOREX.r2.3HG0237940","32H"
2109,"HORVU.MOREX.r2.5HG0355590","32H"
2110,"HORVU.MOREX.r2.1HG0066610","32H"
2111,"HORVU.MOREX.r2.6HG0512380","32H"
2112,"HORVU.MOREX.r2.6HG0506720","32H"
2113,"HORVU.MOREX.r2.6HG0455510","32H"
2114,"HORVU.MOREX.r2.3HG0227920","32H"
2115,"HORVU.MOREX.r2.5HG0368180","32H"
2116,"HORVU.MOREX.r2.1HG0058770","32H"
2117,"HORVU.MOREX.r2.3HG0212230","32H"
2118,"HORVU.MOREX.r2.5HG0440310","32H"
2119,"HORVU.MOREX.r2.7HG0617910","32H"
2120,"HORVU.MOREX.r2.3HG0205470","32H"
2121,"HORVU.MOREX.r2.3HG0191770","32H"
2122,"HORVU.MOREX.r2.1HG0043700","32H"
2123,"HORVU.MOREX.r2.7HG0598390","32H"
2124,"HORVU.MOREX.r2.6HG0486460","32H"
2125,"HORVU.MOREX.r2.3HG0196610","32H"
2126,"HORVU.MOREX.r2.3HG0199200","32H"
2127,"HORVU.MOREX.r2.4HG0334550","32H"
2128,"HORVU.MOREX.r2.6HG0510830","32H"
2129,"HORVU.MOREX.r2.3HG0270090","32H"
2130,"HORVU.MOREX.r2.2HG0148650","32H"
2131,"HORVU.MOREX.r2.7HG0552960","32H"
2132,"HORVU.MOREX.r2.7HG0549000","32H"
2133,"HORVU.MOREX.r2.4HG0319930","32H"
2134,"HORVU.MOREX.r2.2HG0131100","32H"
2135,"HORVU.MOREX.r2.3HG0189060","32H"
2136,"HORVU.MOREX.r2.5HG0368210","32H"
2137,"HORVU.MOREX.r2.6HG0503350","32H"
2138,"HORVU.MOREX.r2.2HG0088730","32H"
2139,"HORVU.MOREX.r2.4HG0310430","32H"
2140,"HORVU.MOREX.r2.4HG0327880","32H"
2141,"HORVU.MOREX.r2.7HG0579040","32H"
2142,"HORVU.MOREX.r2.5HG0405630","32H"
2143,"HORVU.MOREX.r2.7HG0534320","32H"
2144,"HORVU.MOREX.r2.5HG0381840","32H"
2145,"HORVU.MOREX.r2.5HG0432480","32H"
2146,"HORVU.MOREX.r2.2HG0110730","32H"
2147,"HORVU.MOREX.r2.5HG0369800","32H"
2148,"HORVU.MOREX.r2.1HG0034610","32H"
2149,"HORVU.MOREX.r2.2HG0166800","32H"
2150,"HORVU.MOREX.r2.7HG0602320","32H"
2151,"HORVU.MOREX.r2.5HG0396150","32H"
2152,"HORVU.MOREX.r2.5HG0394800","32H"
2153,"HORVU.MOREX.r2.2HG0170410","32H"
2154,"HORVU.MOREX.r2.1HG0073000","32H"
2155,"HORVU.MOREX.r2.4HG0346630","32H"
2156,"HORVU.MOREX.r2.7HG0540190","32H"
2157,"HORVU.MOREX.r2.1HG0043730","32H"
2158,"HORVU.MOREX.r2.5HG0440790","32H"
2159,"HORVU.MOREX.r2.5HG0441180","32H"
2160,"HORVU.MOREX.r2.2HG0118640","32H"
2161,"HORVU.MOREX.r2.4HG0320080","32H"
2162,"HORVU.MOREX.r2.2HG0178580","32H"
2163,"HORVU.MOREX.r2.3HG0266890","32H"
2164,"HORVU.MOREX.r2.5HG0397720","32H"
2165,"HORVU.MOREX.r2.3HG0212660","32H"
2166,"HORVU.MOREX.r2.7HG0586520","32H"
2167,"HORVU.MOREX.r2.2HG0078890","32H"
2168,"HORVU.MOREX.r2.5HG0374410","32H"
2169,"HORVU.MOREX.r2.4HG0317610","32H"
2170,"HORVU.MOREX.r2.7HG0612990","32H"
2171,"HORVU.MOREX.r2.1HG0016790","32H"
2172,"HORVU.MOREX.r2.5HG0416030","32H"
2173,"HORVU.MOREX.r2.3HG0254450","32H"
2174,"HORVU.MOREX.r2.2HG0090320","32H"
2175,"HORVU.MOREX.r2.6HG0498120","32H"
2176,"HORVU.MOREX.r2.4HG0298090","32H"
2177,"HORVU.MOREX.r2.6HG0476040","32H"
2178,"HORVU.MOREX.r2.2HG0102760","32H"
2179,"HORVU.MOREX.r2.2HG0112120","32H"
2180,"HORVU.MOREX.r2.4HG0324220","32H"
2181,"HORVU.MOREX.r2.4HG0286850","32H"
2182,"HORVU.MOREX.r2.4HG0282540","32H"
2183,"HORVU.MOREX.r2.4HG0296290","32H"
2184,"HORVU.MOREX.r2.2HG0135570","32H"
2185,"HORVU.MOREX.r2.6HG0516050","32H"
2186,"HORVU.MOREX.r2.2HG0153190","32H"
2187,"HORVU.MOREX.r2.2HG0147820","32H"
2188,"HORVU.MOREX.r2.2HG0148290","32H"
2189,"HORVU.MOREX.r2.1HG0038750","32H"
2190,"HORVU.MOREX.r2.6HG0506910","32H"
2191,"HORVU.MOREX.r2.7HG0609780","32H"
2192,"HORVU.MOREX.r2.2HG0107740","32H"
2193,"HORVU.MOREX.r2.5HG0437610","32H"
2194,"HORVU.MOREX.r2.2HG0150090","32H"
2195,"HORVU.MOREX.r2.6HG0462430","32H"
2196,"HORVU.MOREX.r2.5HG0374360","32H"
2197,"HORVU.MOREX.r2.1HG0030470","32H"
2198,"HORVU.MOREX.r2.6HG0460860","32H"
2199,"HORVU.MOREX.r2.4HG0333590","32H"
2200,"HORVU.MOREX.r2.7HG0582920","32H"
2201,"HORVU.MOREX.r2.2HG0090250","32H"
2202,"HORVU.MOREX.r2.5HG0422830","32H"
2203,"HORVU.MOREX.r2.5HG0398100","32H"
2204,"HORVU.MOREX.r2.6HG0461570","32H"
2205,"HORVU.MOREX.r2.6HG0516660","32H"
2206,"HORVU.MOREX.r2.3HG0261280","32H"
2207,"HORVU.MOREX.r2.7HG0576290","32H"
2208,"HORVU.MOREX.r2.4HG0328640","32H"
2209,"HORVU.MOREX.r2.4HG0348890","32H"
2210,"HORVU.MOREX.r2.4HG0328690","32H"
2211,"HORVU.MOREX.r2.2HG0177680","32H"
2212,"HORVU.MOREX.r2.3HG0229140","32H"
2213,"HORVU.MOREX.r2.6HG0491120","32H"
